x,y,z
0.036852929675567414,0.06652224437681964, 0.0
0.09337078577243307,0.015874504268251544, 0.0
0.12965043254659092,0.017620097396342516, 0.0
0.09592921428041201,0.09720120061694992, 0.0
0.14974024008807563,0.0035837812659872403, 0.0
0.028903707665620892,0.1502111499589267, 0.0
0.07018879804265477,0.16299248132682054, 0.0
0.06716211701113728,0.1739008636981476, 0.0
0.10374498853559988,0.16641246850486868, 0.0
0.07491339384426698,0.18135003402743466, 0.0
0.16518386889970293,0.10792484433417338, 0.0
0.08020823944848665,0.18599255894728528, 0.0
0.06511729338875716,0.20762851436705543, 0.0
0.14608331844135458,0.16231157886097025, 0.0
0.13989629919780966,0.17394801123918968, 0.0
0.21300834998378815,0.07017977579835089, 0.0
0.17302389705403554,0.14760007331918124, 0.0
0.20028225455417747,0.11005620517545545, 0.0
0.2106403386428276,0.09164213406229027, 0.0
0.20806069490825785,0.11295253067611288, 0.0
0.12617846429944102,0.20192728685936723, 0.0
0.20688824507395542,0.11962894204055763, 0.0
0.1760875270838439,0.16586709890741413, 0.0
0.19745337334644597,0.1477153193904206, 0.0
0.12919100281106244,0.21226621330545958, 0.0
0.1861254714899,0.1670718609622458, 0.0
0.08331423086362244,0.23773253705654807, 0.0
0.15981105588183275,0.19712030901522615, 0.0
0.12901251151407622,0.2214878350274877, 0.0
0.24115404355061276,0.0984653913752297, 0.0
0.1456596542550722,0.2162268621119674, 0.0
0.12138951735535286,0.230933171521437, 0.0
0.16694625512946182,0.20711415296227453, 0.0
0.2568721790675196,0.07850968121304669, 0.0
0.19620022679018967,0.18426948702322266, 0.0
0.17399865938620118,0.2097939332978237, 0.0
0.012324866970597537,0.27349746145724885, 0.0
0.14001257439162362,0.24028625889605837, 0.0
0.2527050061469628,0.11854694208153194, 0.0
0.17837796227057978,0.21732610573329858, 0.0
0.2517332052728628,0.12810711274964226, 0.0
0.2000892425784263,0.2024805976436833, 0.0
0.13704328657467757,0.2514284717348074, 0.0
0.0782415572199181,0.27575450494674403, 0.0
0.1619676250252371,0.23717616018636212, 0.0
0.2795732936937638,0.06585524646060659, 0.0
0.1194022429409699,0.26496632605685, 0.0
0.15363076051531566,0.25064993109504274, 0.0
0.1628396952202149,0.2481203153523135, 0.0
0.280523738662228,0.09999519681116764, 0.0
0.051321112579788886,0.2938922248278486, 0.0
0.22028716674712234,0.2065233148790402, 0.0
0.26331383572475653,0.1528284708068165, 0.0
0.30387097777275995,0.06887056532819658, 0.0
0.07062753738289973,0.3090260737891797, 0.0
0.12560507310702484,0.29132961046092454, 0.0
0.3135925879953032,0.07762110653938736, 0.0
0.20254478331534298,0.25391802678923103, 0.0
0.2881743499499626,0.15011170511420735, 0.0
0.28180061451009875,0.16209072502415445, 0.0
0.17410044540378944,0.27673581159759975, 0.0
0.247620486269721,0.21472343344335998, 0.0
0.06015359224531003,0.32654837032474393, 0.0
0.26598841704770404,0.19985161673937024, 0.0
0.10624564680282045,0.3220844862387985, 0.0
0.14204609172702365,0.30845809713480754, 0.0
0.2667589837926655,0.21209789644428945, 0.0
0.22776239723239577,0.2576168586082571, 0.0
0.19672170180059945,0.2826291167500906, 0.0
0.0792662060567968,0.3359952371980722, 0.0
0.05309560967043414,0.34333608630754897, 0.0
0.2419327108097744,0.2496801247488415, 0.0
0.33081286822742484,0.1147811271440059, 0.0
0.22340758457539212,0.27106893731022785, 0.0
0.23651590753323837,0.2625425948726532, 0.0
0.34226212658515553,0.10514996610008132, 0.0
0.3474975486691628,0.08981990352081348, 0.0
0.33411639106149227,0.13183566672067015, 0.0
0.30844463434389324,0.18425557520170965, 0.0
0.34676995912276776,0.09924583880221871, 0.0
0.18660345868787453,0.3112545894312725, 0.0
0.24834541457410342,0.26513816338018226, 0.0
0.19890419591865904,0.30437146255258674, 0.0
0.2432653008655824,0.2707548866793631, 0.0
0.3472059233171916,0.11121078038803145, 0.0
0.2996779876846617,0.2145775715574162, 0.0
0.03292726781148081,0.37015095147266575, 0.0
0.34955634829428484,0.1289681404639994, 0.0
0.3453419667966058,0.1423745200996478, 0.0
0.20031622401301308,0.31651684148449, 0.0
0.24562996025029715,0.28792994370703207, 0.0
0.12571324853280874,0.35799736062140164, 0.0
0.10174467433721401,0.36586149854016803, 0.0
0.21478196022988005,0.3133152992885403, 0.0
0.10315038404630794,0.36849613130551273, 0.0
0.12861733295463207,0.361715993180033, 0.0
0.14286446146079723,0.35650700575093264, 0.0
0.3042731366529696,0.24072725604718548, 0.0
0.3375266252559803,0.1927345963077276, 0.0
0.2544972489581163,0.2954112484652641, 0.0
0.13337933975768823,0.37001764915608215, 0.0
0.14864240056583244,0.3646013050519744, 0.0
0.39356065325489165,0.02369062992850457, 0.0
0.27601011956174104,0.28355645854177436, 0.0
0.32163886763210925,0.23300610074446138, 0.0
0.14668916860255077,0.3691772821327344, 0.0
0.3919397682628828,0.09982012894690351, 0.0
0.2770974463824448,0.295974002616753, 0.0
0.17608196961064826,0.3684424282068428, 0.0
0.17510787119496418,0.36928265762463985, 0.0
0.27442048931728824,0.30296622355622715, 0.0
0.3204605721876913,0.2554970299898446, 0.0
0.3800032287891716,0.15585315179697357, 0.0
0.402195285963723,0.0941782541561228, 0.0
0.3467647489490895,0.22756608627471464, 0.0
0.37309643257164016,0.1838455703490941, 0.0
0.05213878788482085,0.41313946581173966, 0.0
0.37290837926358344,0.1866897208307322, 0.0
0.39584102818783395,0.13223217322084224, 0.0
0.09646817071101088,0.40743930767956693, 0.0
0.20516568870684337,0.3669071383984599, 0.0
0.10837597654637698,0.4068779344020229, 0.0
0.33064618520312494,0.26093231777916626, 0.0
0.0772189425206834,0.41423505862871923, 0.0
0.3734368295829378,0.19984194153516, 0.0
0.1770736351313026,0.38574314173382696, 0.0
0.14055714891720306,0.4008359559200164, 0.0
0.21484908106646594,0.36834835345049977, 0.0
0.3113625554230217,0.29621845464769037, 0.0
0.19403319485175852,0.3841567944996218, 0.0
0.29162530076873217,0.31747081417420075, 0.0
0.36204450100167584,0.23411833584433295, 0.0
0.38606946462624925,0.1931544775450238, 0.0
0.3470456041811054,0.26853110658983104, 0.0
0.4088594449488018,0.16644641328528542, 0.0
0.07818613708423394,0.4369258117733106, 0.0
0.09237359051958849,0.43508628339905786, 0.0
0.39807439015322377,0.20470948060704441, 0.0
0.3886588349685428,0.22425122126317887, 0.0
0.4224385829186149,0.1701999334360702, 0.0
0.22898593106524112,0.39647666965051465, 0.0
0.3178178105950036,0.32959778013792695, 0.0
0.08018759730511127,0.4515579070049257, 0.0
0.31685865204654584,0.33226899155162326, 0.0
0.36031218039670276,0.2866767144169948, 0.0
0.34489912817227364,0.3067143313324153, 0.0
0.42658296665304773,0.17776194431984693, 0.0
0.35462537950131745,0.3001280588002935, 0.0
0.10236727989843486,0.4540621255357169, 0.0
0.42368458536252007,0.1935076889946905, 0.0
0.18636225166555942,0.4277091835126864, 0.0
0.15833157795772523,0.43917055988295783, 0.0
0.39533037127745263,0.24977192881020227, 0.0
0.4592449563699408,0.09302915678706636, 0.0
0.2607815572607448,0.3897442664613956, 0.0
0.12326788285051049,0.4542887551148136, 0.0
0.22936914458243696,0.41190461362169917, 0.0
0.35294466626957344,0.31346983998425526, 0.0
0.4703059529532858,0.05145232837379543, 0.0
0.4414162411074246,0.17270302289825357, 0.0
0.42067971831679773,0.22225327554331975, 0.0
0.21887062141976443,0.4230120589399041, 0.0
0.29203509410072104,0.3769717931866249, 0.0
0.47815255906829146,0.05371673550149081, 0.0
0.47797615083265255,0.07652502973811415, 0.0
0.15637281088603905,0.45952367348994505, 0.0
0.17793728588981195,0.4520896491718014, 0.0
0.3669771530599999,0.3212310427116283, 0.0
0.4791605437124361,0.09974810550292301, 0.0
0.20819536292027507,0.44410554204947805, 0.0
0.356994062065464,0.33822847482832197, 0.0
0.15082554922212266,0.46855622695273025, 0.0
0.09806497509178824,0.48303837223713775, 0.0
0.32060343250155243,0.37590481328030223, 0.0
0.3268655868911037,0.37058218096710605, 0.0
0.4126520059928017,0.2728060497693462, 0.0
0.3480530480815227,0.3528345414182599, 0.0
0.45050000346679486,0.20878181860566458, 0.0
0.22870024583110982,0.44402630217281014, 0.0
0.4533402810357212,0.21512334469760686, 0.0
0.1375597889972825,0.48428846808977133, 0.0
0.5010801783079568,0.05438094707699426, 0.0
0.475752713279776,0.1683269924062899, 0.0
0.2226875614089111,0.4539358955227597, 0.0
0.11748665954166848,0.49335748814885705, 0.0
0.2724075383237745,0.4306784373066245, 0.0
0.4507645949887277,0.23905682715439636, 0.0
0.474819520935314,0.18798938659590836, 0.0
0.3491626870573876,0.3736220354908858, 0.0
0.5065856570079389,0.07529644112644784, 0.0
0.4057032646537275,0.3137646530207526, 0.0
0.08532602867993944,0.5060815788249742, 0.0
0.2631252181492596,0.44196473847350914, 0.0
0.2200003260998008,0.46700591445744466, 0.0
0.4949940632751513,0.15472417308992392, 0.0
0.22388233555523407,0.4680864979524946, 0.0
0.1956537382667184,0.48101631604365624, 0.0
0.47175941643318464,0.21929353934100226, 0.0
0.3947498125525375,0.34021311080531935, 0.0
0.16244621694347983,0.4952530598108169, 0.0
0.34193479495539714,0.39621152937786497, 0.0
0.5010525023128419,0.15716345738243354, 0.0
0.2176457520735816,0.4780602140104483, 0.0
0.4215598055343558,0.31462787872526066, 0.0
0.41121213992830263,0.32858254966055245, 0.0
0.5151725211177552,0.12267155742006752, 0.0
0.3362203213908188,0.40935600772272185, 0.0
0.508628424770502,0.1481867470982685, 0.0
0.49446786787452424,0.19302531698678305, 0.0
0.5234214607723987,0.09443373147257406, 0.0
0.05071097748652664,0.5304062077044878, 0.0
0.5092649837842055,0.15693142317617204, 0.0
0.1822571605517751,0.500956338717403, 0.0
0.4784128638683861,0.23608481511891544, 0.0
0.2042671042786387,0.49357412364049424, 0.0
0.24144861462453937,0.47694881679120504, 0.0
0.16417470612186125,0.512713650049251, 0.0
0.47251473801022315,0.25862773760003177, 0.0
0.4280278356202377,0.329005268128039, 0.0
0.5376611933896113,0.05258492859252495, 0.0
0.20939975628862229,0.4980930945366514, 0.0
0.35167874332099514,0.4112558549191653, 0.0
0.531488372523997,0.10167388027737545, 0.0
0.22872804901884247,0.49064236256742644, 0.0
0.15597782854693154,0.5191370779859745, 0.0
0.11133946471583922,0.5327596375600636, 0.0
0.3024634310855916,0.45378719363301534, 0.0
0.2353713159857338,0.4931013133920499, 0.0
0.28605263328893327,0.46610567957282134, 0.0
0.35852623104929326,0.41328476686660376, 0.0
0.10473820466728967,0.5372390252026892, 0.0
0.13866703542465064,0.5311118186740748, 0.0
0.09167654595528396,0.542002810825165, 0.0
0.39565713180232753,0.3850312199924836, 0.0
0.42223603084884553,0.3558896306135252, 0.0
0.3500652559923917,0.4281951038279117, 0.0
0.2666799797207472,0.4853450932510941, 0.0
0.44181207861234184,0.3339950685935865, 0.0
0.4864974617020008,0.26526118069374727, 0.0
0.4847404301769166,0.27128463176021456, 0.0
0.4839401322291289,0.2763511357692915, 0.0
0.496339627462382,0.25411217491686633, 0.0
0.3538852896231427,0.43509373332532797, 0.0
0.39061463487276915,0.4058248474807614, 0.0
0.17904188418571632,0.5368920013951456, 0.0
0.2584728836419613,0.504289208998732, 0.0
0.5471504220382107,0.1516149581932651, 0.0
0.10236117993044758,0.5596593072602168, 0.0
0.05123345985050465,0.5688464563045278, 0.0
0.5556609588863226,0.132787447657171, 0.0
0.5637991214810287,0.09772226827680508, 0.0
0.4424594094367702,0.3635589030932982, 0.0
0.4272584436622535,0.38309504644122083, 0.0
0.5204863325651136,0.24471341890880793, 0.0
0.48574099384307456,0.3087943548377763, 0.0
0.5087629953335489,0.2693947355352283, 0.0
0.5409979568985686,0.19705914603300012, 0.0
0.32661092218656307,0.4743780252672374, 0.0
0.10573576056599254,0.5664307837972261, 0.0
0.5684863740589623,0.10505911554471181, 0.0
0.5474106319943391,0.18811840651245837, 0.0
0.26400323699450057,0.5151216029848603, 0.0
0.4371450601443262,0.3815378356703334, 0.0
0.5571636021604952,0.1622049616727198, 0.0
0.4300804954181213,0.3919961461291901, 0.0
0.5169238192894337,0.2680039267352705, 0.0
0.40853167193292594,0.417123006763769, 0.0
0.5738918600267694,0.1080912542494269, 0.0
0.176106839971237,0.5579707206871092, 0.0
0.5299800754632797,0.2483323315530812, 0.0
0.15542286945950856,0.5643654140714816, 0.0
0.5121127352202183,0.28691951990380504, 0.0
0.5489213964714568,0.21732154887607213, 0.0
0.23580706628620807,0.5412939537230401, 0.0
0.23316378323979747,0.5429580608308029, 0.0
0.5398202710359253,0.24209338165792327, 0.0
0.45067099171252245,0.38458682082288675, 0.0
0.4939070723659357,0.32856173448381987, 0.0
0.2147352338790809,0.5530049301681562, 0.0
0.11587408074571581,0.582825514204837, 0.0
0.2904486869333286,0.5200957551713391, 0.0
0.5900103430008355,0.08722930626498848, 0.0
0.15447731227395023,0.5783517587107176, 0.0
0.10161672156623613,0.5903666286313959, 0.0
0.23212293042367083,0.5531355154995198, 0.0
0.5504850870386223,0.23834965824155263, 0.0
0.431774995137821,0.41653936505236444, 0.0
0.5285092449741162,0.2845184966089397, 0.0
0.5857350912223495,0.13226635163099332, 0.0
0.04142458078476963,0.5991287425527009, 0.0
0.3950684534000872,0.45421349095580077, 0.0
0.19818601515424272,0.568817600591397, 0.0
0.5671664256617605,0.21049081078518983, 0.0
0.1937468917372338,0.5731258527630513, 0.0
0.13411543420988226,0.5919211036171986, 0.0
0.587747942276318,0.15373479631493503, 0.0
0.2282325766952269,0.5632850602343058, 0.0
0.44110284521323573,0.4181238573370415, 0.0
0.2701118556864619,0.5479821111279988, 0.0
0.4249132828183654,0.43990365449776314, 0.0
0.5692799576433963,0.22611689124872436, 0.0
0.1898990704289253,0.5865729018414662, 0.0
0.587995835162915,0.18717717542242307, 0.0
0.5401548228550536,0.30270793459053424, 0.0
0.47374923019561055,0.4007104216091387, 0.0
0.4327725153298463,0.445355983203104, 0.0
0.18641426194931643,0.5934256066183243, 0.0
0.280299652106195,0.5554008754927781, 0.0
0.17527842770636426,0.597469554829105, 0.0
0.6224294305252815,0.06048023491448795, 0.0
0.6038771349963131,0.16362183608381797, 0.0
0.35855492733007344,0.5131558308490503, 0.0
0.5121543583607537,0.3611868423548892, 0.0
0.20477459960397504,0.5961412613894291, 0.0
0.5440307804662542,0.31854742662102775, 0.0
0.24656949954946006,0.5803845680002099, 0.0
0.6216463070469537,0.10872760453810004, 0.0
0.08042263988815113,0.6274597657978007, 0.0
0.5428728680648555,0.3249061160415071, 0.0
0.6015836245687037,0.19623061220526228, 0.0
0.42747265325797834,0.4667726768560192, 0.0
0.5943016082814384,0.21809492821464194, 0.0
0.5623913522892894,0.29273776942584406, 0.0
0.6310706582426618,0.09678698858142121, 0.0
0.48238153917875937,0.4189697188467445, 0.0
0.5447245265661331,0.3377430320341479, 0.0
0.598704190887228,0.23620875126919028, 0.0
0.1039383267161299,0.635590903804234, 0.0
0.24580568264751135,0.5962941959959087, 0.0
0.062116224574726875,0.6434835373630348, 0.0
0.6424220192562056,0.07711772044842868, 0.0
0.4401783202145094,0.47748202041062326, 0.0
0.4204264770408318,0.49562909357697416, 0.0
0.307871719678953,0.5742484821080375, 0.0
0.2428223568391028,0.6054684628120987, 0.0
0.386541372973945,0.5261726726101713, 0.0
0.37340174784210967,0.5358988542853627, 0.0
0.5301386976745023,0.38248010706270363, 0.0
0.49305418200164486,0.42997342466417354, 0.0
0.6531039276917889,0.051121140543591403, 0.0
0.31914448296715847,0.572790301209067, 0.0
0.6497698289764814,0.10498588081179516, 0.0
0.6088951407086338,0.25536956493574337, 0.0
0.27258518370850493,0.6016800109131093, 0.0
0.2541726864726459,0.610209184792764, 0.0
0.5393729987269565,0.3870768103744726, 0.0
0.3118323937739723,0.5880477442276426, 0.0
0.13972797644686608,0.6509875984573437, 0.0
0.6656564073688527,0.06454806948200886, 0.0
0.36625714027225964,0.5604980546157388, 0.0
0.5629457276739538,0.3627210499649449, 0.0
0.10155692178943665,0.6623813689270757, 0.0
0.6429370457432603,0.1894768049372607, 0.0
0.23480445757946855,0.6280431994290275, 0.0
0.43006375512546735,0.5153858601141006, 0.0
0.5617020020573558,0.36783172272388764, 0.0
0.538736341413358,0.40210598687872146, 0.0
0.49171508885576787,0.46060319728625965, 0.0
0.3479388967187007,0.5772107844006271, 0.0
0.2548753321584698,0.6257138658588288, 0.0
0.5705296910772305,0.3632274540442175, 0.0
0.27230274207110816,0.6194773726912477, 0.0
0.6746312116732293,0.0710666528201509, 0.0
0.6488186609873401,0.2027678842591476, 0.0
0.4936814056348109,0.46971412718810823, 0.0
0.36058831492182675,0.579243554660986, 0.0
0.322779920267099,0.6026587124699812, 0.0
0.4950983958999955,0.47357016362604276, 0.0
0.2876869976991937,0.6229723909034872, 0.0
0.6662120655892972,0.1649471875620958, 0.0
0.3578495115626802,0.5886926641272022, 0.0
0.23072940956320243,0.6493357867947772, 0.0
0.3392278630055481,0.6004707305274544, 0.0
0.6865691962202605,0.06823982339876389, 0.0
0.19729222359557164,0.6617496849042279, 0.0
0.37286585206072864,0.5844176359031802, 0.0
0.23039331465663104,0.6540814741651906, 0.0
0.5687012548926214,0.39726252236504034, 0.0
0.3774449321779362,0.5821116547859275, 0.0
0.6093623729812554,0.3333698425440389, 0.0
0.6895472642420023,0.09936635055618914, 0.0
0.5857092195111133,0.3777465275560419, 0.0
0.17823718113322318,0.6738986787925485, 0.0
0.6494241731978315,0.2535790529350288, 0.0
0.67558951253738,0.17726877651799877, 0.0
0.5163986904565623,0.470651093574572, 0.0
0.41630688874800004,0.563314787523453, 0.0
0.39472428219641065,0.5817388848602242, 0.0
0.3902989649128662,0.5848537454858387, 0.0
0.6108710638602219,0.3489520337119846, 0.0
0.6463680536726509,0.2777577801301576, 0.0
0.4290459387978379,0.5580882311218883, 0.0
0.15939733992972072,0.6858881515256093, 0.0
0.6995545363355088,0.08790388524927639, 0.0
0.5641956279936647,0.42514128094453496, 0.0
0.16560595094353736,0.6876745555548802, 0.0
0.30470626712484705,0.6411113327486547, 0.0
0.6325039991274036,0.3244866002972212, 0.0
0.6797157881568104,0.21397500251412727, 0.0
0.5418643833976605,0.4639233010389907, 0.0
0.3736281514118073,0.6104930092385681, 0.0
0.2951615827250834,0.6534684239720108, 0.0
0.37157784334533583,0.6133359273519134, 0.0
0.6775303467605721,0.23757659781673157, 0.0
0.7142292332422188,0.07448610824581692, 0.0
0.3251931250722311,0.6405280584201449, 0.0
0.7109181741539528,0.11138504898739465, 0.0
0.40939914900373353,0.5930897562228363, 0.0
0.05393332181932231,0.7200391295551561, 0.0
0.702729301525199,0.16702475565495456, 0.0
0.08259595336720227,0.7190184761013341, 0.0
0.7187766681750907,0.09347014556124589, 0.0
0.16101513699024306,0.7093778113366286, 0.0
0.23127980968599593,0.6910025403196857, 0.0
0.5651434130170144,0.4603065151460214, 0.0
0.3048234394742728,0.6633390077383369, 0.0
0.7277997372374619,0.09011398454988795, 0.0
0.6073987836510842,0.41192708691264, 0.0
0.6365544060419421,0.3666736181471477, 0.0
0.5679455637491309,0.4661208215089183, 0.0
0.14340110910742454,0.721569979456157, 0.0
0.44793744312942296,0.5853720609845079, 0.0
0.6496759211005166,0.34819266654226433, 0.0
0.6742690909972077,0.29939982340728, 0.0
0.4764410430940348,0.5652131772820126, 0.0
0.39793535743650166,0.6240730367465316, 0.0
0.5119539030455282,0.5368359659886065, 0.0
0.5965930518282152,0.4410621095158609, 0.0
0.22013569043888692,0.7088528980206789, 0.0
0.6381332999016742,0.3793849420546288, 0.0
0.6640487364287709,0.33290653067000087, 0.0
0.5676532882452268,0.4794992819434628, 0.0
0.6903677403085667,0.2771121835194823, 0.0
0.637395197464948,0.385059216086868, 0.0
0.7048325074394032,0.24322113962845804, 0.0
0.4473113069119433,0.5970680894639625, 0.0
0.33291257262326346,0.6676535932043918, 0.0
0.615113576573592,0.4252589430705235, 0.0
0.17554817949319723,0.7274457216122378, 0.0
0.6256763829617858,0.4105287077501323, 0.0
0.07130798763322244,0.7461702830989068, 0.0
0.30129073636155,0.6865556826301616, 0.0
0.537605316542698,0.5232327134412319, 0.0
0.3056361264852352,0.6858116714674409, 0.0
0.6622482808937352,0.35754177836704404, 0.0
0.5196887257635171,0.5480382784175972, 0.0
0.7442562788515743,0.13485516183032198, 0.0
0.7539975184827861,0.063440813464401, 0.0
0.5421717942095254,0.5297925089843237, 0.0
0.39981188667457346,0.6450202113079624, 0.0
0.7553717182419045,0.08041442756408956, 0.0
0.7532603690976147,0.09950814645010819, 0.0
0.4603013597354022,0.6047988070665853, 0.0
0.43784255595290744,0.6232064996622607, 0.0
0.7586640083501616,0.07332784523017488, 0.0
0.6859955459665611,0.33368457113925254, 0.0
0.70222455446872,0.2986945683509653, 0.0
0.7063459988661641,0.2904763696960512, 0.0
0.25224701094735424,0.7211132232206842, 0.0
0.3772776947399771,0.6649902514708681, 0.0
0.2306205148234024,0.7291976244883069, 0.0
0.7114827177524947,0.28128515616947614, 0.0
0.43984332413730387,0.6260272908429886, 0.0
0.5762018640072896,0.5039599112781774, 0.0
0.763125585257087,0.06961048576413809, 0.0
0.1147110630174234,0.7581233647742736, 0.0
0.5829284260915295,0.4988404320663611, 0.0
0.38095963052616366,0.6663691775840616, 0.0
0.19301612539773827,0.743457159964084, 0.0
0.3745982470038587,0.6723177059166704, 0.0
0.7051579120665264,0.3100939558304261, 0.0
0.17798357099849604,0.7501869242444303, 0.0
0.194918340565448,0.7474149675861328, 0.0
0.05364445751210334,0.7707214962757596, 0.0
0.15889370246890266,0.7567888126407384, 0.0
0.698377147832312,0.3331791962732852, 0.0
0.10587053846102201,0.7680987351363826, 0.0
0.08333501438114532,0.7734447933200522, 0.0
0.3262340549835151,0.7069787050002883, 0.0
0.4072517397951645,0.6652317051232403, 0.0
0.37730403223035314,0.6828074761494913, 0.0
0.7404615304273557,0.2462031651966614, 0.0
0.3668734210969238,0.6926690593121104, 0.0
0.42719799368035194,0.6574731692673187, 0.0
0.7825733412882747,0.057546179020123045, 0.0
0.7655205083467241,0.17726981994229307, 0.0
0.5931261918651747,0.5168752842226623, 0.0
0.25761951848801123,0.7452763360202811, 0.0
0.7228940796427024,0.3157821732292322, 0.0
0.559024393148466,0.5576249290530731, 0.0
0.6982094867257113,0.3706470521238737, 0.0
0.7491177361453875,0.2542917822953362, 0.0
0.24068744013439658,0.7537197629557653, 0.0
0.27800945642550323,0.7410230451376235, 0.0
0.13613466446932299,0.7802250855140825, 0.0
0.743239643038818,0.2742040963399116, 0.0
0.5840773311174525,0.5352757664928189, 0.0
0.7718360835892808,0.18145660663806984, 0.0
0.7898805607573887,0.0749898943881121, 0.0
0.13250802791825866,0.7830285749433815, 0.0
0.3438999028898678,0.7167484160936484, 0.0
0.06564355223711071,0.7929365241769547, 0.0
0.68614794969264,0.40385108654755164, 0.0
0.30387000049916535,0.7364604425024399, 0.0
0.7556873776212913,0.2530856338877967, 0.0
0.5420563499112978,0.5849182570326105, 0.0
0.6544164464037879,0.45676754641987183, 0.0
0.7069481820263075,0.3718115355373941, 0.0
0.7939082118583568,0.10143302604545745, 0.0
0.22682606586738874,0.769510477032033, 0.0
0.34801309005904424,0.725870784726424, 0.0
0.4242509900964404,0.6852469497096998, 0.0
0.32198189824922696,0.7393308237257492, 0.0
0.6464682974213919,0.48218146653782035, 0.0
0.8045682066469538,0.05738663418368606, 0.0
0.7639337556513739,0.2589081813149622, 0.0
0.5589964371636973,0.5825959238659372, 0.0
0.32082756810289614,0.7425894985375706, 0.0
0.3533982181272727,0.7304425126495347, 0.0
0.7296047626885237,0.36028914545853863, 0.0
0.7408545428336234,0.33733593664606554, 0.0
0.7148088389175092,0.39198956815680985, 0.0
0.8012709280012262,0.15991670778168632, 0.0
0.6905638606649971,0.4389875699269228, 0.0
0.8149484555212058,0.0878082203892202, 0.0
0.8138988118496154,0.09815147132709223, 0.0
0.5361273522945809,0.6219469902048091, 0.0
0.7875310252834353,0.23448707708128724, 0.0
0.5581828853031822,0.6031290644101458, 0.0
0.6103761934725991,0.5524145210379694, 0.0
0.5920666774464397,0.5763680970366296, 0.0
0.7420010360618517,0.36439054270980187, 0.0
0.6879562647990878,0.45948749177428605, 0.0
0.1181320086399884,0.8188223413555233, 0.0
0.7145563928910489,0.41789154554262264, 0.0
0.38715549808868055,0.7334851026643233, 0.0
0.09258312397514046,0.824386934244422, 0.0
0.8222414402729916,0.11074417596395758, 0.0
0.8271594439876322,0.06616530413701471, 0.0
0.3207446514235426,0.7657407929502452, 0.0
0.8270332380084976,0.07678901501341773, 0.0
0.20699225561557277,0.8044014579533232, 0.0
0.3610449542629032,0.7480682024598907, 0.0
0.5657599471071575,0.6088487770383186, 0.0
0.6288776639098583,0.5435775794449196, 0.0
0.7744773916226403,0.30576954744669915, 0.0
0.0633222832745135,0.8310162075649012, 0.0
0.23241280061570158,0.8009203621967258, 0.0
0.5990929727461297,0.5811299630439624, 0.0
0.174187540656777,0.8169798886725775, 0.0
0.8101872040905281,0.20549448828538497, 0.0
0.2299273317945577,0.8039538893874881, 0.0
0.503885866455897,0.667738739337643, 0.0
0.3609085020048728,0.7549473057598276, 0.0
0.6986569594092744,0.46424360749557925, 0.0
0.214425058362804,0.8117991476740927, 0.0
0.668403662784367,0.5082028595553014, 0.0
0.14055276267799277,0.828392128453791, 0.0
0.6462232330829468,0.5370806257103438, 0.0
0.8204438762334879,0.18294916708255293, 0.0
0.7125807294490928,0.44665957510808063, 0.0
0.6897900771779847,0.4826334955329682, 0.0
0.6185299197865511,0.5731016933068773, 0.0
0.21833557341104926,0.815716646100023, 0.0
0.2963939422712176,0.7908869060608894, 0.0
0.7224412451792845,0.4378726716306185, 0.0
0.6223886846606087,0.5720833204283121, 0.0
0.18704918916742963,0.8244230244306264, 0.0
0.3319361629431572,0.7786093756754676, 0.0
0.6684645471390462,0.519846777682706, 0.0
0.15536713190428164,0.832576070370986, 0.0
0.8065694212140383,0.2648247304208773, 0.0
0.6795985979785502,0.5089636218612372, 0.0
0.08019791749268479,0.8460440396485687, 0.0
0.09457788969783565,0.8445953129706676, 0.0
0.6885807825965263,0.49831942551663444, 0.0
0.8342274501746466,0.16371936241018548, 0.0
0.833568857416229,0.1710499498090523, 0.0
0.7726749624610109,0.3577955753146165, 0.0
0.8275920984124421,0.20643705718308625, 0.0
0.4564886287991079,0.7235772816405516, 0.0
0.3090541127920948,0.7982300151119345, 0.0
0.2707795366431718,0.8121821392667947, 0.0
0.801914669709509,0.3003812531177902, 0.0
0.3715841078007156,0.7723410759802947, 0.0
0.6956682238599898,0.5007617396884492, 0.0
0.07355724986666112,0.8544374405632706, 0.0
0.8261590875909182,0.23238171646374683, 0.0
0.629166464390019,0.5855290026375551, 0.0
0.7873340864694266,0.3459232418396019, 0.0
0.5944778114009631,0.6216451085865591, 0.0
0.15079852402371863,0.8476819811308438, 0.0
0.84916084175939,0.14280134533160171, 0.0
0.2687933744176887,0.8184937494081838, 0.0
0.06284723180191354,0.860116668620983, 0.0
0.7496234017335104,0.4284400541375305, 0.0
0.8441907335882815,0.18267170417743117, 0.0
0.08648170705793712,0.859605268218081, 0.0
0.05417133375633676,0.8626069541270499, 0.0
0.8406480466922432,0.20126159118267684, 0.0
0.7182572701081998,0.4821534505364138, 0.0
0.08430654500297585,0.861014247959758, 0.0
0.8579157756240446,0.11448696730087116, 0.0
0.8237736646692146,0.2675880763274099, 0.0
0.5455017604200193,0.6733397321546941, 0.0
0.6676575032612824,0.5547184137887322, 0.0
0.797037550795937,0.3442276617597253, 0.0
0.6388111822405963,0.5893833276522455, 0.0
0.48156502582350613,0.7239695887308096, 0.0
0.611206958307631,0.619876593452283, 0.0
0.8310239235000207,0.2614876110195743, 0.0
0.8605267027627002,0.13801615219501273, 0.0
0.8672940588402217,0.09029054703785, 0.0
0.7268602987774616,0.48239251768752367, 0.0
0.7384845858326846,0.4656512975064776, 0.0
0.17108469244870617,0.8569732487127236, 0.0
0.6407385020036802,0.5953147640219204, 0.0
0.7914584641320925,0.37269867484354413, 0.0
0.8126008778549383,0.32608188890989087, 0.0
0.29009834472801155,0.8267585493821894, 0.0
0.7957709157291033,0.3675153528929799, 0.0
0.5592920253155186,0.6749847898841181, 0.0
0.8620173130709926,0.16190285669185023, 0.0
0.6948989396221947,0.5358763321339453, 0.0
0.872213158448624,0.097747327447814, 0.0
0.4760854478601567,0.7396163157923867, 0.0
0.7289084516934503,0.49450976786777345, 0.0
0.8636599072053323,0.17393417005918566, 0.0
0.46698054675874934,0.7474332756583002, 0.0
0.5502992853105949,0.6884429080616477, 0.0
0.486628575072377,0.7351296857239281, 0.0
0.4544926955141938,0.7555867909159114, 0.0
0.6642370036770274,0.5805267448602422, 0.0
0.1189388009212693,0.8744961278096731, 0.0
0.34061801376438583,0.8148528171934241, 0.0
0.8249820940277788,0.31945026565805645, 0.0
0.8313657903719902,0.30576172341159014, 0.0
0.21362821327983395,0.859911359732523, 0.0
0.6212477325066649,0.6326970814861328, 0.0
0.46997099960137434,0.7524677020893785, 0.0
0.11346348854531874,0.8803260150304637, 0.0
0.6947948272265905,0.5528420304916537, 0.0
0.5210530229734662,0.7207087432492701, 0.0
0.12598749913048224,0.8820993252723258, 0.0
0.5709624623300541,0.6844529588117774, 0.0
0.17550595219024911,0.8742196222553632, 0.0
0.4193865424215397,0.7876697531802618, 0.0
0.7621008987594684,0.46565621989238337, 0.0
0.8139195445509353,0.3676706890295889, 0.0
0.685802017808122,0.5743002360288837, 0.0
0.8865536017489415,0.12012531725283437, 0.0
0.8529728268836927,0.2737526251518625, 0.0
0.2524146290222741,0.8610110701547958, 0.0
0.5130406116063223,0.7372292012136538, 0.0
0.8756737546055842,0.20343766089077808, 0.0
0.5344446664355789,0.7242400941770061, 0.0
0.7964785931069366,0.4193353750502149, 0.0
0.7483609278425909,0.5017687121444302, 0.0
0.8892415310348066,0.14518429846367886, 0.0
0.11227159226374961,0.8947998218203108, 0.0
0.8597952933681977,0.2738651860188912, 0.0
0.8469165492704778,0.3114347657881591, 0.0
0.619039582536133,0.6570085150897659, 0.0
0.7467725206778896,0.508066818299058, 0.0
0.5537148040701005,0.7146402460909569, 0.0
0.23356293476115098,0.8738122516820652, 0.0
0.9030083587936255,0.0697607803909902, 0.0
0.5015505728229613,0.7556006033595505, 0.0
0.5720861253349072,0.7046332411012037, 0.0
0.7847752241888707,0.4564303896138846, 0.0
0.18822320354304767,0.8907141021623156, 0.0
0.9076586155954578,0.07086757895436413, 0.0
0.9103912804412747,0.04089864244889585, 0.0
0.30572991379840986,0.8586959976292982, 0.0
0.46145388718616176,0.7861322835079296, 0.0
0.6045342864727039,0.6823691679981343, 0.0
0.3085160923875221,0.8584989981378262, 0.0
0.5254002928768341,0.7460048639186287, 0.0
0.7971201926548834,0.4456364390558244, 0.0
0.31418927803006724,0.858074909292709, 0.0
0.2590199055510616,0.8763243300473036, 0.0
0.9125049940588932,0.05177469579592742, 0.0
0.7370202756044664,0.5424484446375207, 0.0
0.9086037143489236,0.119483083212505, 0.0
0.3854423827165788,0.8316129389522944, 0.0
0.8470726759964291,0.3538871382432829, 0.0
0.20278479325284549,0.8953596701577184, 0.0
0.5225783486444013,0.7570199413796143, 0.0
0.6254880865304232,0.6756175862046576, 0.0
0.915670907359109,0.10673643092877805, 0.0
0.2163728843613275,0.896372925752852, 0.0
0.05065960606759112,0.9208608271725208, 0.0
0.9093296239425529,0.15627052882873127, 0.0
0.306045187955963,0.8711784836551261, 0.0
0.6292069267710229,0.6758668666353916, 0.0
0.6663731447506468,0.6397426171431058, 0.0
0.7770606956717333,0.5006860625448704, 0.0
0.825387272060139,0.41755355648748904, 0.0
0.8801225988345993,0.2849451345063261, 0.0
0.41465825196454476,0.8271605963822047, 0.0
0.5316616944276973,0.7580517269595083, 0.0
0.10121857746700347,0.9206383391571832, 0.0
0.6852630143112063,0.6232741633948992, 0.0
0.4825613090585351,0.7913966586758074, 0.0
0.5315542628301437,0.7602131883159551, 0.0
0.4352907331941178,0.8203843479895763, 0.0
0.08454629912629807,0.9249776856622751, 0.0
0.42750252220812557,0.8247908968247435, 0.0
0.4735942343271019,0.7995317527911302, 0.0
0.1475595371300078,0.9191295001389668, 0.0
0.32471714084489367,0.8732886987599798, 0.0
0.6793410024765149,0.6387557589033138, 0.0
0.23173987310596744,0.9033671425227546, 0.0
0.34508283486946845,0.8674662859423677, 0.0
0.4681602567903188,0.8085610470212526, 0.0
0.3216347875202771,0.8773647716965796, 0.0
0.8255403002646733,0.4409912057480222, 0.0
0.5657878948254801,0.7457142624505783, 0.0
0.1116449185784395,0.9295609614705104, 0.0
0.9113037172736195,0.21747331855704177, 0.0
0.6712705107026528,0.6536442141384724, 0.0
0.08825646889716587,0.9333854771891219, 0.0
0.7173119350260649,0.6056777628266244, 0.0
0.7715801725742649,0.5369504919762799, 0.0
0.3623155912427499,0.867904833637975, 0.0
0.93672551562568,0.08418504240491242, 0.0
0.15495729899180144,0.928200956848839, 0.0
0.9078686209776266,0.25070691994013694, 0.0
0.8364757358154954,0.43540602277875906, 0.0
0.25829394386396143,0.9069869754734844, 0.0
0.5158510196863008,0.7894739810009612, 0.0
0.695159013273604,0.6373643856408987, 0.0
0.43386154915780595,0.8375386459178533, 0.0
0.49076989512275104,0.8058108869286564, 0.0
0.1291691391062212,0.9347753974092452, 0.0
0.8600858670375194,0.39206176223381006, 0.0
0.724045281491373,0.60946356654092, 0.0
0.49979241976587296,0.8038869355902344, 0.0
0.9149101332803321,0.24349952756742177, 0.0
0.3870248220891699,0.8642272731352897, 0.0
0.41899646669963675,0.8496426783450148, 0.0
0.5264545417879095,0.7886267007068124, 0.0
0.8463209582889631,0.4289683960210541, 0.0
0.5739625005340805,0.7557043469673719, 0.0
0.29238121728979827,0.9053907321250463, 0.0
0.8989431866407108,0.3118717877944108, 0.0
0.8035625361780866,0.5099276867160308, 0.0
0.8467049426687935,0.43735618181416946, 0.0
0.7988898586718856,0.5209371410689623, 0.0
0.2281284742619456,0.9269629996530673, 0.0
0.6502166363720558,0.6994552800587585, 0.0
0.15741519845784957,0.9423891898977611, 0.0
0.9241346530650092,0.24507658713886638, 0.0
0.5604617501698775,0.7770915355477754, 0.0
0.46592862206570684,0.8375538161953101, 0.0
0.937208726390063,0.2040646794272445, 0.0
0.8052578891183078,0.5213982192628627, 0.0
0.7663064499599797,0.5790384131034159, 0.0
0.8922677557783577,0.35900336781615616, 0.0
0.916663648942692,0.29577883681616124, 0.0
0.7931290346875327,0.5469606705712997, 0.0
0.7723468015909205,0.5774978588871044, 0.0
0.43297926599384606,0.8619493761971361, 0.0
0.6494356389135991,0.7172079595325945, 0.0
0.9245527267112542,0.28610016178361086, 0.0
0.6241067143360814,0.7401165617524541, 0.0
0.8537135376802641,0.45808520392156193, 0.0
0.5732472513077743,0.7813992152878054, 0.0
0.39504288534994003,0.885033699949936, 0.0
0.7328973786845419,0.6342567362216716, 0.0
0.3275537874294775,0.9124038478904599, 0.0
0.9300337099199258,0.2743529312097247, 0.0
0.44632365640295535,0.8613264407461695, 0.0
0.7728522938749391,0.5889452338572168, 0.0
0.5909431997003072,0.7713313414532904, 0.0
0.6761838532512733,0.6980532011008833, 0.0
0.44903911299467547,0.8621752489096112, 0.0
0.371512484380064,0.8983667971867225, 0.0
0.3657959091428298,0.9022056638877463, 0.0
0.4889921492286503,0.8441881335740803, 0.0
0.5401132300032114,0.8144042717427628, 0.0
0.8479949780120429,0.4857461601989147, 0.0
0.599799648817232,0.7715529133072397, 0.0
0.3079426693476328,0.9283331478760793, 0.0
0.42974177707388683,0.8800624312240681, 0.0
0.9380181045509146,0.2820688560845144, 0.0
0.6463825826804637,0.7388688583083483, 0.0
0.775890228156291,0.6018012333802208, 0.0
0.4545969836983931,0.8704466792112899, 0.0
0.830193820048786,0.5250624361507201, 0.0
0.439593341094916,0.8801533065321312, 0.0
0.5726522251202555,0.8004543006404792, 0.0
0.32427438441349343,0.9303787043892359, 0.0
0.8353258070198653,0.5260646971870717, 0.0
0.8966173911780638,0.4131315052004876, 0.0
0.2989327807564669,0.9413045780849442, 0.0
0.7572146781178372,0.6340757483477801, 0.0
0.5730575300738749,0.8044737264865275, 0.0
0.9264302794201194,0.34315263671340757, 0.0
0.8300333330052496,0.5399696344773224, 0.0
0.6371294112228522,0.762713860225552, 0.0
0.33642425161374123,0.9357212878457899, 0.0
0.49795638221414995,0.8607307680356563, 0.0
0.9101572295080653,0.4064089673311905, 0.0
0.48955914887851626,0.868353004606516, 0.0
0.7798104543900145,0.621072049918567, 0.0
0.9956671201527084,0.05166524157082897, 0.0
0.7393439739043364,0.6689173332007248, 0.0
0.42691420262000246,0.9024077905167618, 0.0
0.5269544996012565,0.8479037762043761, 0.0
0.4361248879443028,0.898609603333881, 0.0
0.7206175425535493,0.6929419852987274, 0.0
0.9254510959812248,0.38286402217550686, 0.0
0.8389724371692122,0.5481885870815258, 0.0
0.5688943307616243,0.8252751851288265, 0.0
0.4666791361212137,0.887233789617999, 0.0
0.45384986165557073,0.8952526001185407, 0.0
0.896293908258082,0.45181569139823186, 0.0
0.9105553492503959,0.42868480201731285, 0.0
0.6361888093381234,0.7803186848848586, 0.0
0.8703928248971732,0.5194185159745013, 0.0
0.4443403230518673,0.9111417011209533, 0.0
0.8605914739820884,0.5361056082890614, 0.0
0.7594086047730843,0.6748187387248734, 0.0
0.9216001459916316,0.42747569938761587, 0.0
0.4613427961006895,0.9056338549905908, 0.0
0.5777408236359097,0.8369375706995068, 0.0
0.9942239138839102,0.21637999282416398, 0.0
0.8115790412894411,0.6181093593156886, 0.0
0.37885139051843864,0.9472181728422685, 0.0
0.9490948699672008,0.37570531027823517, 0.0
0.46734883315837705,0.9089329321707441, 0.0
0.541198680451113,0.8671876648675798, 0.0
0.5010310049779491,0.8913392662650479, 0.0
0.8830273970755222,0.5184125544368862, 0.0
0.9283141480756051,0.4340398912030944, 0.0
0.5723819447200423,0.8500969063721657, 0.0
0.7933709903559881,0.6506886305008189, 0.0
0.41673701738564706,0.9391095894725977, 0.0
0.4369090528632379,0.9299564539631215, 0.0
0.6223400195351169,0.8179034124763516, 0.0
0.47083253812116677,0.9147831486634624, 0.0
0.9211686639501991,0.4627496460855762, 0.0
0.8614869986746113,0.5705173581311295, 0.0
0.7391569977836743,0.7220844249076956, 0.0
0.839701601825543,0.6023417822988893, 0.0
0.8786786574332632,0.5476875496083093, 0.0
0.4421483908605329,0.9376815411940598, 0.0
0.6908489397083366,0.7745692875693774, 0.0
0.7771745373935289,0.6881482447622731, 0.0
0.7085010569151607,0.7591753029811644, 0.0
0.5269289471712185,0.8954711094731949, 0.0
0.6712301496486077,0.7943027384415682, 0.0
0.4974061067112845,0.9134102488829706, 0.0
0.46811110886466156,0.9324691495300943, 0.0
0.9115359231224296,0.5076735687272126, 0.0
0.4770368840107342,0.9297201886042499, 0.0
0.8618244182657122,0.5928320094064616, 0.0
0.4970807972642459,0.9208802020456729, 0.0
0.6704644704686481,0.803582945247031, 0.0
0.54851441401056,0.8921616123229762, 0.0
0.733757951395523,0.7474349029736091, 0.0
0.8320466308468363,0.6368821780909735, 0.0
0.6903573525224235,0.7913111595045107, 0.0
0.8865510680095962,0.570540463810931, 0.0
0.9115309955514148,0.5316031005999758, 0.0
0.8907620474741592,0.5682279781813112, 0.0
0.6416286017974189,0.84138431820318, 0.0
0.9086647811604073,0.5426495789200447, 0.0
0.9195484050321429,0.5271808713688193, 0.0
0.818173667747701,0.6742513620138834, 0.0
0.8630152823470322,0.6162081312424049, 0.0
0.7504124718583671,0.7512919786911691, 0.0
0.7165572664047107,0.7852630352409022, 0.0
0.7173574955676166,0.7850260362224678, 0.0
0.8972318033647936,0.5710349861588384, 0.0
0.6121796478219005,0.8707975544228869, 0.0
0.632823606693289,0.8575323060743434, 0.0
0.7973917766859682,0.7072997701807954, 0.0
0.7678416484039229,0.7399748004603969, 0.0
0.9184536924530906,0.5421253407707523, 0.0
0.695354761835352,0.8091636187861183, 0.0
0.9292812332389495,0.5281069387887805, 0.0
0.8201907360450594,0.6881789384249998, 0.0
0.9223309251520682,0.5448281614527224, 0.0
0.526232013760562,0.9333047102147312, 0.0
0.6073990890993931,0.8844403854483408, 0.0
0.596312543711901,0.8924360030028295, 0.0
0.6743221944148565,0.8354539722854611, 0.0
0.6485885398265958,0.8561459970381649, 0.0
0.5270400294142217,0.9425625720185983, 0.0
0.9288972611499969,0.551640670169874, 0.0
0.5443133600653057,0.9363726716864528, 0.0
0.5371593969037279,0.9410871607719693, 0.0
0.830956009881224,0.7027058600710542, 0.0
0.7336173608707296,0.8051356085456873, 0.0
0.585955458199204,0.9182343072577078, 0.0
0.9262707486421675,0.5753393683474227, 0.0
0.9246822750571831,0.5807900250069716, 0.0
0.5840812599152407,0.92599956673087, 0.0
0.7761150658787832,0.7724653941679949, 0.0
0.6901303707794502,0.8527263111636123, 0.0
0.7301698066212517,0.8189795615983232, 0.0
0.45526131116678137,0.9990918404861211, 0.0
0.6277369804998265,0.9010237366708334, 0.0
0.8422500162531146,0.705939037263385, 0.0
0.8540668491932242,0.6916487514369314, 0.0
0.5992282736284065,0.9214847251935673, 0.0
0.6461771698539277,0.8905061777017621, 0.0
0.591600684886051,0.928349807370679, 0.0
0.6083662701620769,0.918427715390552, 0.0
0.842107969842953,0.7146986102418483, 0.0
0.7751471470979172,0.7872453256918511, 0.0
0.9076601395573021,0.6312145108734377, 0.0
0.6714663375854976,0.8812202652124617, 0.0
0.9791027295115079,0.5199911673784215, 0.0
0.7425528846641783,0.8234088574841468, 0.0
0.7476865595014772,0.8231698953486565, 0.0
0.7737999568340718,0.7987670816617256, 0.0
0.9304288798370329,0.6108489224430186, 0.0
0.8819741249753859,0.6803767768150087, 0.0
0.8125850405333138,0.763168950698998, 0.0
0.6468029605676109,0.9101590342206775, 0.0
0.8101763224717692,0.776477392003114, 0.0
0.618679085778775,0.9386637079439012, 0.0
0.5199370286473757,0.999820053111706, 0.0
0.8112726807999721,0.7855619206668266, 0.0
0.7741799046309483,0.8243288232001436, 0.0
0.87549959996786,0.7183959054595187, 0.0
0.6761350519658397,0.9091168508006799, 0.0
0.9350436205540205,0.6432598175816812, 0.0
0.6352095103568649,0.9425089336337777, 0.0
0.8928834291196233,0.7039482438132709, 0.0
0.8612897612364692,0.747579020237837, 0.0
0.6922232976920957,0.908889122686498, 0.0
0.7333623795567358,0.8799605461539275, 0.0
0.9260508812667579,0.6744705820323651, 0.0
0.9024725035429221,0.7136474281648668, 0.0
0.9218611389944187,0.6930877548438953, 0.0
0.658104352640043,0.9482211251856009, 0.0
0.9478077437547172,0.6605926573570192, 0.0
0.7905476254980807,0.8445560389154815, 0.0
0.7010522581278484,0.9225064603261129, 0.0
0.8625881761916548,0.7838004758296792, 0.0
0.8953836737279455,0.7473528259683848, 0.0
0.9045503205306363,0.7378600870797372, 0.0
0.8017598679105143,0.8536066538534308, 0.0
0.7823573546627279,0.87248281482604, 0.0
0.7591969799349569,0.8928564781810232, 0.0
0.9070397862289615,0.7438848588992919, 0.0
0.8960451217841429,0.7594643371780445, 0.0
0.936840657096849,0.7107269537263452, 0.0
0.8432081024925537,0.8205949798145283, 0.0
0.7164802600348554,0.9354141453879148, 0.0
0.7646876943257452,0.9070331211680476, 0.0
0.893733464235466,0.7823855818303574, 0.0
0.8359826462192109,0.8450289848269767, 0.0
0.9129315208797049,0.7648681205763725, 0.0
0.8274013656751219,0.8569618667961518, 0.0
0.7240321907909003,0.9466497806243147, 0.0
0.9198236074091385,0.7607999537981183, 0.0
0.8415661618490415,0.8608599653416678, 0.0
0.7812062530190171,0.9188047167719675, 0.0
0.8745920562036605,0.8357816068627846, 0.0
0.799413989584724,0.910403188806689, 0.0
0.8393138758351569,0.8749460248407891, 0.0
0.8569146387525063,0.8599302868962464, 0.0
0.9243904271573296,0.7876755637006931, 0.0
0.7850560914743543,0.9278032153706518, 0.0
0.7432599542853894,0.9675597125782689, 0.0
0.8554698693090954,0.8747741576847761, 0.0
0.8742166393632811,0.8585617044053289, 0.0
0.8838100262098025,0.8488150794185986, 0.0
0.8947553552565986,0.8441978163236463, 0.0
0.9018496727411177,0.8389043442976395, 0.0
0.9446091003228221,0.7908596377879974, 0.0
0.9072930957215481,0.8344580781673484, 0.0
0.8450627711890186,0.8983061784132969, 0.0
0.8102404984117747,0.9307366720916727, 0.0
0.8829566204511149,0.8664013647028203, 0.0
0.8643132982454043,0.887862960037402, 0.0
0.889425499177261,0.8643322816661199, 0.0
0.9784727129207632,0.770916997347904, 0.0
0.8628792635273189,0.9005420795903533, 0.0
0.8810945471206469,0.8839441159188205, 0.0
0.9288443681518793,0.8503370172346277, 0.0
0.9455214147073577,0.8416147910372358, 0.0
0.8561720149987864,0.9345494581081322, 0.0
0.8715845653877745,0.9214651668901225, 0.0
0.9365305672488444,0.8569560465966364, 0.0
0.8801025815675276,0.9181698419016748, 0.0
0.9257619265305038,0.8757088776772827, 0.0
0.8593673192308768,0.9453359759026094, 0.0
0.7975671087977529,0.9990292590139158, 0.0
0.9290818510677407,0.889263654862215, 0.0
0.9276413130530882,0.9264709425940613, 0.0
0.9310823527225216,0.9408422404688142, 0.0
0.9027935191339668,0.9716421121323062, 0.0
0.9403123740675021,0.9448752125231868, 0.0
0.9440207449668822,0.9461552476278869, 0.0
