x,y,z,f
0.04458568,0.35843262,0.1260309,0.1260309
0.028136801,0.77506006,0.05732015,0.05732015
0.9733165,0.18029287,0.04493011,0.04493011
0.06355393,0.057454564,0.03560546,0.03560546
0.8723442,0.98691595,0.016041894,0.016041894
0.30210042,0.7117688,0.6395211,0.6395211
0.49059257,0.87628025,0.378799,0.378799
0.86940014,0.73184806,0.2976653,0.2976653
0.98181045,0.022101464,0.003962391,0.003962391
0.9106632,0.54032815,0.2747697,0.2747697
0.08471614,0.9741534,0.021333043,0.021333043
0.45380592,0.37271973,0.9114318,0.9114318
0.7593823,0.22013019,0.43746376,0.43746376
0.56739694,0.29961187,0.79024875,0.79024875
0.45855346,0.36161056,0.8992922,0.8992922
0.38165373,0.70667696,0.74209,0.74209
0.1082286,0.69869596,0.2706053,0.2706053
0.64173406,0.91154027,0.24759123,0.24759123
0.21051264,0.35760987,0.55374634,0.55374634
0.11820508,0.062337413,0.07061176,0.07061176
0.3561117,0.76020354,0.6153708,0.6153708
0.91300786,0.37579432,0.24961625,0.24961625
0.69582015,0.96983665,0.07727223,0.07727223
0.054138888,0.019584633,0.010407696,0.010407696
0.35456777,0.51290596,0.8966918,0.8966918
0.98422015,0.5650972,0.04852091,0.04852091
0.76291144,0.3507856,0.6047273,0.6047273
0.034636967,0.9860006,0.0047747614,0.0047747614
0.58030486,0.13466966,0.39757156,0.39757156
0.22331387,0.4857134,0.644761,0.644761
0.42448366,0.80867845,0.54967237,0.54967237
0.800022,0.19909613,0.34410706,0.34410706
0.90883625,0.24219806,0.19480208,0.19480208
0.67178303,0.1629772,0.42029864,0.42029864
0.6308949,0.17506528,0.47910047,0.47910047
0.79393154,0.95317787,0.088394225,0.088394225
0.5522398,0.5520844,0.97338545,0.97338545
0.49149483,0.14146519,0.42978624,0.42978624
0.53536135,0.96867436,0.09764796,0.09764796
0.5916823,0.44401768,0.94401526,0.94401526
0.14748365,0.8265029,0.23171982,0.23171982
0.9556736,0.10625864,0.04548057,0.04548057
0.37132475,0.93003035,0.20047525,0.20047525
0.5827368,0.3348622,0.8392461,0.8392461
0.23454776,0.2416289,0.4624896,0.4624896
0.39774808,0.9164078,0.24632478,0.24632478
0.05425901,0.97860885,0.011391309,0.011391309
0.12865882,0.9193025,0.098638564,0.098638564
0.29611045,0.5208448,0.80005586,0.80005586
0.6841797,0.07148887,0.18645346,0.18645346
0.59064424,0.20370042,0.57310134,0.57310134
0.92934376,0.47103292,0.21924378,0.21924378
0.8186024,0.17029944,0.27507928,0.27507928
0.76129943,0.69668627,0.5555387,0.5555387
0.6158256,0.7178372,0.724094,0.724094
0.74466693,0.2882058,0.5655137,0.5655137
0.6607723,0.8199936,0.46893573,0.46893573
0.9520168,0.56897193,0.14666188,0.14666188
0.6943148,0.11229355,0.2831047,0.2831047
0.9843373,0.45069218,0.048597116,0.048597116
0.06452591,0.5983006,0.19180432,0.19180432
0.9125985,0.20621777,0.16362786,0.16362786
0.7298848,0.7491609,0.5319747,0.5319747
0.55839014,0.71201396,0.77306974,0.77306974
0.9220828,0.43146896,0.23675188,0.23675188
0.9139347,0.40887842,0.25622997,0.25622997
0.6443842,0.26223022,0.6595482,0.6595482
0.48326614,0.6242918,0.9234511,0.9234511
0.95382553,0.6926727,0.11887066,0.11887066
0.36056274,0.09093551,0.25520304,0.25520304
0.84726626,0.26216596,0.33865327,0.33865327
0.67202854,0.52785563,0.85419923,0.85419923
0.61505616,0.43596405,0.9165173,0.9165173
0.7836785,0.9254437,0.14586313,0.14586313
0.39681834,0.17112328,0.48540694,0.48540694
0.2562426,0.18845396,0.4022703,0.4022703
0.8252228,0.5440806,0.51690525,0.51690525
0.60014737,0.48094457,0.9492099,0.9492099
0.8615432,0.7418373,0.30550826,0.30550826
0.7927098,0.63112354,0.5554513,0.5554513
0.46170634,0.7968737,0.59139705,0.59139705
0.58834946,0.829789,0.49010774,0.49010774
0.67542374,0.66742647,0.7367861,0.7367861
0.10607622,0.3905181,0.3079555,0.3079555
0.78678524,0.34978116,0.55299264,0.55299264
0.07887309,0.7484897,0.1742454,0.1742454
0.5679173,0.481065,0.9755945,0.9755945
0.51856744,0.08063508,0.25019562,0.25019562
0.17069139,0.21984638,0.32547614,0.32547614
0.5807,0.886472,0.33798444,0.33798444
0.051368695,0.9964,0.0018172093,0.0018172093
0.6651089,0.6699638,0.747572,0.747572
0.9305956,0.2723484,0.16331266,0.16331266
0.0047103283,0.6365065,0.013457421,0.013457421
0.9408593,0.64014584,0.16711159,0.16711159
0.5459517,0.09731684,0.29785836,0.29785836
0.31644583,0.9544516,0.11954606,0.11954606
0.6232225,0.5743084,0.90088415,0.90088415
0.5694181,0.4353453,0.9562431,0.9562431
0.81620616,0.72812,0.4115743,0.4115743
0.42015228,0.7180961,0.75007766,0.75007766
0.6041385,0.17400941,0.4922694,0.4922694
0.060360827,0.28632924,0.14759785,0.14759785
0.17457956,0.5979488,0.49688205,0.49688205
0.89216095,0.04283708,0.044590686,0.044590686
0.5946049,0.65424484,0.846078,0.846078
0.033747297,0.9419736,0.019184135,0.019184135
0.91487515,0.8407322,0.12677105,0.12677105
0.16956669,0.9425106,0.091227524,0.091227524
0.85301214,0.96246326,0.052418537,0.052418537
0.48008063,0.13279676,0.404403,0.404403
0.008988707,0.20341252,0.01684011,0.01684011
0.2440208,0.96086174,0.08508019,0.08508019
0.7544514,0.68273085,0.58539635,0.58539635
0.10603991,0.35066104,0.29167262,0.29167262
0.3532301,0.30714306,0.73615867,0.73615867
0.95168,0.7839426,0.09494034,0.09494034
0.97163767,0.6782451,0.07539428,0.07539428
0.96828115,0.7378801,0.07297182,0.07297182
0.43086696,0.007200341,0.022087237,0.022087237
0.31216097,0.6375494,0.75450164,0.75450164
0.06339716,0.007204078,0.0044775023,0.0044775023
0.7261714,0.25346467,0.54179686,0.54179686
0.17661852,0.021591052,0.035707448,0.035707448
0.48716208,0.38306367,0.9325175,0.9325175
0.5018442,0.11763026,0.3611864,0.3611864
0.73126894,0.1076216,0.24793413,0.24793413
0.671849,0.7899924,0.52574986,0.52574986
0.736014,0.33587572,0.6416041,0.6416041
0.12904349,0.0031876022,0.0039493963,0.0039493963
0.1636531,0.63275343,0.44962588,0.44962588
0.8074741,0.27703577,0.43474177,0.43474177
0.865908,0.81017494,0.22965716,0.22965716
0.17983875,0.7166344,0.41611734,0.41611734
0.03640872,0.8204579,0.061016366,0.061016366
0.9680302,0.090097025,0.028003026,0.028003026
0.95819485,0.052791994,0.021619992,0.021619992
0.6795304,0.56018203,0.8300575,0.8300575
0.34304118,0.7239578,0.67168784,0.67168784
0.83297986,0.7005844,0.40474498,0.40474498
0.16593063,0.036531053,0.05702749,0.05702749
0.62721723,0.22009335,0.5873977,0.5873977
0.31191766,0.70335203,0.66667217,0.66667217
0.19035167,0.39781377,0.5342342,0.5342342
0.65694696,0.5950247,0.84192556,0.84192556
0.7914869,0.3495517,0.54241943,0.54241943
0.41274607,0.6569835,0.8479466,0.8479466
0.23323157,0.47144926,0.66620415,0.66620415
0.60552305,0.1461765,0.4191209,0.4191209
0.744157,0.45221332,0.7118687,0.7118687
0.029283574,0.61690104,0.08574129,0.08574129
0.39150587,0.40180618,0.89798295,0.89798295
0.18616472,0.25908646,0.40136084,0.40136084
0.9344245,0.18729416,0.11353595,0.11353595
0.20000337,0.15785435,0.27969334,0.27969334
0.10608545,0.9489588,0.052232865,0.052232865
0.2069592,0.91198343,0.16525656,0.16525656
0.07024125,0.39590254,0.20728205,0.20728205
0.33723074,0.014392148,0.03941713,0.03941713
0.2599181,0.24271472,0.5034055,0.5034055
0.88184714,0.9024542,0.109424494,0.109424494
0.8418344,0.57234865,0.46443522,0.46443522
0.11207997,0.35108548,0.30782136,0.30782136
0.7473996,0.3731737,0.65702045,0.65702045
0.37203714,0.8642504,0.38068148,0.38068148
0.3610342,0.26881826,0.67752534,0.67752534
0.8997682,0.25588247,0.22300726,0.22300726
0.79614574,0.5652276,0.585036,0.585036
0.13267303,0.45958403,0.40158176,0.40158176
0.7417739,0.36299703,0.65900636,0.65900636
0.5193301,0.19921936,0.5847196,0.5847196
0.10371682,0.41754714,0.30942172,0.30942172
0.6287675,0.64689326,0.82312363,0.82312363
0.81249136,0.027467703,0.047883924,0.047883924
0.4518494,0.43910038,0.97054267,0.97054267
0.97588927,0.26095346,0.05531867,0.05531867
0.49734494,0.8796002,0.36927915,0.36927915
0.28184918,0.0896807,0.21524994,0.21524994
0.24836797,0.2574517,0.5089374,0.5089374
0.20308474,0.699527,0.48236832,0.48236832
0.69257104,0.0136291245,0.035206933,0.035206933
0.05508963,0.69161826,0.14193471,0.14193471
0.32874838,0.29093316,0.68007284,0.68007284
0.843878,0.03927533,0.057973154,0.057973154
0.4140743,0.8566105,0.41962278,0.41962278
0.25803706,0.76513356,0.48752967,0.48752967
0.58389765,0.5341329,0.95992,0.95992
0.8197187,0.27639458,0.40953588,0.40953588
0.023594268,0.79521847,0.044423897,0.044423897
0.5630146,0.1822927,0.5313103,0.5313103
0.48064172,0.58416134,0.96346486,0.96346486
0.6318002,0.79799026,0.5427794,0.5427794
0.99405915,0.782494,0.011782996,0.011782996
0.9584541,0.10701274,0.04293564,0.04293564
0.7845437,0.50338054,0.6263255,0.6263255
0.867349,0.9650373,0.044370834,0.044370834
0.9350967,0.39312166,0.19118232,0.19118232
0.75750315,0.6464384,0.61847967,0.61847967
0.33481032,0.88817835,0.29880914,0.29880914
0.25808415,0.60014355,0.6892582,0.6892582
0.44325894,0.96354336,0.112470806,0.112470806
0.910888,0.69326454,0.22692664,0.22692664
0.5011095,0.93197906,0.21207011,0.21207011
0.488536,0.9073574,0.28676766,0.28676766
0.5495776,0.59623784,0.94308645,0.94308645
0.7455419,0.49419934,0.71682155,0.71682155
0.06885009,0.048479676,0.03256057,0.03256057
0.9888576,0.94743884,0.005752787,0.005752787
0.58250695,0.4061049,0.9248453,0.9248453
0.72782856,0.44752678,0.74437475,0.74437475
0.9212528,0.81705254,0.1331199,0.1331199
0.5252474,0.43893373,0.9785678,0.9785678
0.9629915,0.47052386,0.115506925,0.115506925
0.40290362,0.82284176,0.50388056,0.50388056
0.8067483,0.42813495,0.55602473,0.55602473
0.82968104,0.69818664,0.41422147,0.41422147
0.8991622,0.5525162,0.30728906,0.30728906
0.0015598608,0.10660178,0.0016106438,0.0016106438
0.72167265,0.13781235,0.3218596,0.3218596
0.9703466,0.3231009,0.0790247,0.0790247
0.9164483,0.7123083,0.20387204,0.20387204
0.9668022,0.10292217,0.033077803,0.033077803
0.94963706,0.3914329,0.14848445,0.14848445
0.14356442,0.5010415,0.43588227,0.43588227
0.88276225,0.07391072,0.08285167,0.08285167
0.9999457,0.56921947,0.00016657039,0.00016657039
0.25192782,0.29646075,0.5708308,0.5708308
0.96013,0.9835217,0.0064644036,0.0064644036
0.4507251,0.38584504,0.92518204,0.92518204
0.3701918,0.38761464,0.8613682,0.8613682
0.7730804,0.59999734,0.62201345,0.62201345
0.6422238,0.7211126,0.69285876,0.69285876
0.5714193,0.06950047,0.21118195,0.21118195
0.96152645,0.08154325,0.030551422,0.030551422
0.34350407,0.40433955,0.8420462,0.8420462
0.8909232,0.6010996,0.31920165,0.31920165
0.5119191,0.2806263,0.7712249,0.7712249
0.64743936,0.016131362,0.045318794,0.045318794
0.1337507,0.5875726,0.39259312,0.39259312
0.816237,0.39869145,0.51836103,0.51836103
0.85584277,0.21163377,0.26995462,0.26995462
0.4585222,0.23782474,0.6737884,0.6737884
0.60417354,0.7837087,0.59504986,0.59504986
0.34145674,0.4100471,0.8436564,0.8436564
0.5626157,0.7152209,0.7649535,0.7649535
0.71613586,0.9885257,0.028045973,0.028045973
0.9627021,0.47939035,0.11666191,0.11666191
0.88499343,0.6374783,0.3210334,0.3210334
0.21330138,0.32310608,0.5276083,0.5276083
0.4713162,0.5183018,0.9942968,0.9942968
0.910262,0.22880962,0.1831957,0.1831957
0.21220452,0.6845624,0.5173,0.5173
0.2350411,0.9625493,0.079011776,0.079011776
0.18608893,0.8656699,0.22604702,0.22604702
0.6477815,0.04029523,0.11288931,0.11288931
0.84014386,0.76020646,0.32928428,0.32928428
0.9572974,0.14066866,0.05720301,0.05720301
0.06801154,0.3881546,0.19908698,0.19908698
0.37916392,0.6498316,0.8277955,0.8277955
0.15152346,0.26941788,0.3431834,0.3431834
0.4931715,0.46022838,0.9919761,0.9919761
0.94933313,0.9124738,0.04303678,0.04303678
0.29684913,0.11244443,0.27785552,0.27785552
0.64538693,0.09286954,0.25815162,0.25815162
0.40069467,0.16223076,0.46433228,0.46433228
0.24711752,0.2973465,0.5634048,0.5634048
0.49790433,0.828103,0.51415086,0.51415086
0.796069,0.18165867,0.32290584,0.32290584
0.8100766,0.3953638,0.53179824,0.53179824
0.3436685,0.5282446,0.87833136,0.87833136
0.1943394,0.28938228,0.4523179,0.4523179
0.47776848,0.37168652,0.9176034,0.9176034
0.8593495,0.51802146,0.42694238,0.42694238
0.87100416,0.22993241,0.26065987,0.26065987
0.82127875,0.9945867,0.0090542715,0.0090542715
0.5831856,0.02247804,0.06816243,0.06816243
0.9757133,0.1831431,0.041476827,0.041476827
0.3068039,0.24575225,0.5730118,0.5730118
0.7647066,0.4792618,0.67226464,0.67226464
0.7357645,0.9770866,0.05307964,0.05307964
0.22497097,0.41719872,0.6275317,0.6275317
0.09824877,0.5933907,0.29079866,0.29079866
0.5850416,0.84844923,0.44206592,0.44206592
0.5695357,0.016588887,0.05085392,0.05085392
0.14088541,0.99263436,0.009909787,0.009909787
0.8672286,0.67998594,0.3420664,0.3420664
0.98002183,0.23227835,0.041814532,0.041814532
0.4517354,0.8160382,0.54002595,0.54002595
0.24561293,0.6723239,0.5975832,0.5975832
0.78098947,0.6608784,0.555631,0.555631
0.17508297,0.12752983,0.20386842,0.20386842
0.37836117,0.27848524,0.7121126,0.7121126
0.0062232264,0.20760992,0.011865761,0.011865761
0.693837,0.5717952,0.7994691,0.7994691
0.28613558,0.46695757,0.778443,0.778443
0.27099136,0.5214433,0.7504609,0.7504609
0.79614544,0.010182206,0.019111011,0.019111011
0.8009952,0.44793558,0.5774417,0.5774417
0.332491,0.8749852,0.33094317,0.33094317
0.9402791,0.13407148,0.076259404,0.076259404
0.11753138,0.65882164,0.31690297,0.31690297
0.94037277,0.29004166,0.14716618,0.14716618
0.039550997,0.51531476,0.123790234,0.123790234
0.09000516,0.44570702,0.27495795,0.27495795
0.2630972,0.8866826,0.2563732,0.2563732
0.84627056,0.16439787,0.22932675,0.22932675
0.59454674,0.09775469,0.28906322,0.28906322
0.5229762,0.60301435,0.94561875,0.94561875
0.044458587,0.0105613815,0.0046183146,0.0046183146
0.27493683,0.14753656,0.3399057,0.3399057
0.041422922,0.8701836,0.051467977,0.051467977
0.60376406,0.6311214,0.8680911,0.8680911
0.47283202,0.22415045,0.6450596,0.6450596
0.27138796,0.6324933,0.6886942,0.6886942
0.9565156,0.23596613,0.09196,0.09196
0.76750946,0.12845127,0.26197922,0.26197922
0.39053655,0.69600797,0.7685293,0.7685293
0.5758453,0.2883022,0.7646428,0.7646428
0.6663538,0.22682545,0.5665268,0.5665268
0.6251664,0.63897926,0.8370269,0.8370269
0.14970653,0.58998525,0.43518102,0.43518102
0.11618954,0.049857125,0.055683862,0.055683862
0.21242043,0.28057387,0.47757927,0.47757927
0.80622643,0.4838439,0.5711123,0.5711123
0.82455164,0.3012892,0.42492467,0.42492467
0.57711077,0.4555033,0.9613306,0.9613306
0.31906024,0.8541654,0.37273845,0.37273845
0.40608346,0.42105553,0.927513,0.927513
0.19911098,0.7368484,0.43077573,0.43077573
0.9438687,0.49911597,0.1754285,0.1754285
0.75884163,0.4875621,0.68667084,0.68667084
0.74531406,0.68207324,0.6032374,0.6032374
0.046299733,0.24251087,0.10005035,0.10005035
0.16356647,0.13458173,0.20168762,0.20168762
0.3429318,0.46959567,0.87669206,0.87669206
0.07378417,0.9977574,0.0016185264,0.0016185264
0.6961924,0.88371885,0.29150182,0.29150182
0.048744183,0.090793796,0.042921502,0.042921502
0.5113621,0.54383135,0.98990333,0.98990333
0.41209945,0.4074154,0.921701,0.921701
0.8184215,0.2930675,0.42985913,0.42985913
0.79100686,0.3959277,0.5780687,0.5780687
0.53753567,0.5115666,0.99239975,0.99239975
0.39568052,0.837243,0.46328145,0.46328145
0.058223713,0.72629446,0.13783394,0.13783394
0.57761,0.42687598,0.94492894,0.94492894
0.43844742,0.0044856616,0.01382901,0.01382901
0.21366984,0.86074424,0.2635079,0.2635079
0.83895403,0.41600224,0.46785438,0.46785438
0.011406511,0.28802148,0.028171804,0.028171804
0.20867231,0.06392103,0.121596195,0.121596195
0.17298047,0.58545685,0.49855554,0.49855554
0.435954,0.7967256,0.5840512,0.5840512
0.7660475,0.825226,0.34996837,0.34996837
0.18569458,0.411128,0.52951455,0.52951455
0.4046096,0.9237342,0.22673377,0.22673377
0.28839657,0.07510912,0.18399729,0.18399729
0.51257074,0.25755453,0.7231237,0.7231237
0.08225635,0.14562123,0.11287386,0.11287386
0.58836395,0.78321546,0.60550356,0.60550356
0.99737036,0.9961041,0.00010110795,0.00010110795
0.38567996,0.567655,0.91513,0.91513
0.11795299,0.8591321,0.15508358,0.15508358
0.6995787,0.34125483,0.71116054,0.71116054
0.33869478,0.4186698,0.84593934,0.84593934
0.48315158,0.13996306,0.42507812,0.42507812
0.111485325,0.29618242,0.27515492,0.27515492
0.036514364,0.4648506,0.11376469,0.11376469
0.2249504,0.52404267,0.64747816,0.64747816
0.36052078,0.0680338,0.19207117,0.19207117
0.6869619,0.12721333,0.32388833,0.32388833
0.81406164,0.4597253,0.54707587,0.54707587
0.6332525,0.44676834,0.9009026,0.9009026
0.18194059,0.99897206,0.001746973,0.001746973
0.72743213,0.60982627,0.71090114,0.71090114
0.64058805,0.20743763,0.54832363,0.54832363
0.76571584,0.5754073,0.652597,0.652597
0.95116705,0.20222004,0.090680785,0.090680785
0.06589679,0.49691787,0.20553565,0.20553565
0.7391581,0.20842366,0.44503313,0.44503313
0.98479766,0.9002663,0.014714919,0.014714919
0.23832871,0.6608083,0.59567624,0.59567624
0.08242468,0.08710309,0.06919786,0.06919786
0.04399258,0.21204245,0.08513524,0.08513524
0.92434466,0.07117557,0.052209377,0.052209377
0.4448928,0.89156175,0.32912296,0.32912296
0.16989195,0.14225423,0.21986942,0.21986942
0.7000708,0.36963788,0.7419931,0.7419931
0.33016884,0.7483013,0.6120677,0.6120677
0.76449525,0.07517865,0.15775315,0.15775315
0.35832116,0.052946936,0.14943987,0.14943987
0.11656651,0.71280056,0.28099227,0.28099227
0.08744541,0.8070797,0.15453139,0.15453139
0.88573134,0.92340064,0.08373054,0.08373054
0.70482475,0.5067876,0.79983324,0.79983324
0.996197,0.2549756,0.008578989,0.008578989
0.023549557,0.32831112,0.06342177,0.06342177
0.16443473,0.14247657,0.21376963,0.21376963
0.31105292,0.74477506,0.59568775,0.59568775
0.7568913,0.9153163,0.18184051,0.18184051
0.57110256,0.06079983,0.1851322,0.1851322
0.20551124,0.81832653,0.32507548,0.32507548
0.33873424,0.2477484,0.613894,0.613894
0.1218699,0.43847075,0.36662242,0.36662242
0.8794835,0.84208703,0.17594434,0.17594434
0.80099696,0.34459093,0.51687014,0.51687014
0.08640329,0.5165101,0.26776218,0.26776218
0.9804161,0.21862975,0.0389882,0.0389882
0.18935311,0.35128126,0.5003413,0.5003413
0.39446318,0.46349078,0.9393251,0.9393251
0.77707016,0.3798647,0.5991298,0.5991298
0.7006158,0.01322113,0.033545904,0.033545904
0.9785576,0.6236476,0.062297426,0.062297426
0.982258,0.82326573,0.029366346,0.029366346
0.42544597,0.18550792,0.5353289,0.5353289
0.4239648,0.45911723,0.9636027,0.9636027
0.47934344,0.0010156378,0.0031839986,0.0031839986
0.41489628,0.1385184,0.4065855,0.4065855
0.7928838,0.054086234,0.1024281,0.1024281
0.030765492,0.16078527,0.046698786,0.046698786
0.08899979,0.4706867,0.27480286,0.27480286
0.14597647,0.41746992,0.42789537,0.42789537
0.028405586,0.07738169,0.021452554,0.021452554
0.0907948,0.68791217,0.23376298,0.23376298
0.6112651,0.22388613,0.60767025,0.60767025
0.61261714,0.08928866,0.25969774,0.25969774
0.7266793,0.51005673,0.7565913,0.7565913
0.66095203,0.48374966,0.8737221,0.8737221
0.8993557,0.10781437,0.10331636,0.10331636
0.97771585,0.09514196,0.020598099,0.020598099
0.9713232,0.9728096,0.0076759127,0.0076759127
0.49673608,0.6806041,0.8432652,0.8432652
0.9062169,0.2934529,0.23136558,0.23136558
0.1370736,0.9329076,0.087337315,0.087337315
0.25994003,0.607445,0.68771076,0.68771076
0.3787504,0.16460976,0.4589573,0.4589573
0.7163431,0.60407627,0.7365793,0.7365793
0.84811497,0.1067308,0.15112236,0.15112236
0.3807955,0.56503105,0.911338,0.911338
0.7994005,0.1555401,0.276638,0.276638
0.41121823,0.42906407,0.9375812,0.9375812
0.1841955,0.20707288,0.33121616,0.33121616
0.60628986,0.03154303,0.09346867,0.09346867
0.6709455,0.44896016,0.848204,0.848204
0.090407334,0.48269093,0.27980554,0.27980554
0.6753544,0.31082678,0.7059621,0.7059621
0.96910053,0.8767719,0.036591087,0.036591087
0.13993216,0.29693154,0.34187925,0.34187925
0.61501944,0.1440373,0.4089865,0.4089865
0.615861,0.4259511,0.90931237,0.90931237
0.26136866,0.52851266,0.72897094,0.72897094
0.6195713,0.32412466,0.7918471,0.7918471
0.34087718,0.8938435,0.28729486,0.28729486
0.08468614,0.16098824,0.12737827,0.12737827
0.9503617,0.035690177,0.017377732,0.017377732
0.7415755,0.25963557,0.5283499,0.5283499
0.1532063,0.4110068,0.4449669,0.4449669
0.024859458,0.2922599,0.061984982,0.061984982
0.28308526,0.23672132,0.5257974,0.5257974
0.57584304,0.62724715,0.8951307,0.8951307
0.5508761,0.23371994,0.6614925,0.6614925
0.47139776,0.047681097,0.14863294,0.14863294
0.0045640445,0.7102636,0.011321864,0.011321864
0.20310147,0.56726784,0.5823888,0.5823888
0.97952276,0.71157557,0.05060086,0.05060086
0.8266066,0.19479191,0.2976839,0.2976839
0.5882453,0.93315077,0.20051257,0.20051257
0.10504687,0.86034554,0.13765825,0.13765825
0.7495608,0.6847466,0.5921293,0.5921293
0.7019797,0.91235405,0.21895877,0.21895877
0.9593678,0.9956084,0.001756305,0.001756305
0.32076517,0.12062383,0.31283137,0.31283137
0.15743528,0.95009685,0.074113265,0.074113265
0.35989234,0.38839376,0.8496416,0.8496416
0.3227025,0.39664948,0.80449545,0.80449545
0.04462024,0.8369815,0.06846864,0.06846864
0.91452295,0.35450047,0.23807973,0.23807973
0.9641996,0.059981097,0.021023875,0.021023875
0.16866091,0.03926211,0.062182844,0.062182844
0.37276348,0.8641972,0.38119006,0.38119006
0.9099076,0.29172337,0.22159,0.22159
0.101043314,0.58408886,0.3013043,0.3013043
0.47524652,0.88182676,0.3616862,0.3616862
0.12831704,0.9618041,0.046960343,0.046960343
0.6107572,0.45461494,0.93053293,0.93053293
0.33179858,0.19113877,0.48797,0.48797
0.94258076,0.5759531,0.17432782,0.17432782
0.9044427,0.99512607,0.004527756,0.004527756
0.40984723,0.3062661,0.78774416,0.78774416
0.99234957,0.3343863,0.020852162,0.020852162
0.3015188,0.39455453,0.76767504,0.76767504
0.93716127,0.9445224,0.034011006,0.034011006
0.7923578,0.3204622,0.5130104,0.5130104
0.030890614,0.50294906,0.09688931,0.09688931
0.2639509,0.85702425,0.32019728,0.32019728
0.8943117,0.32285628,0.27677527,0.27677527
0.6161558,0.074702255,0.21722426,0.21722426
0.9221669,0.11384092,0.08474774,0.08474774
0.028688563,0.5275427,0.08966908,0.08966908
0.76114005,0.67278236,0.58391076,0.58391076
0.20919544,0.0033541967,0.0064373347,0.0064373347
0.08401355,0.8840728,0.09292592,0.09292592
0.9724927,0.45712623,0.0855275,0.0855275
0.433192,0.55047476,0.96578443,0.96578443
0.9155419,0.5857006,0.25278357,0.25278357
0.7133617,0.47558427,0.781334,0.781334
0.25066885,0.27870363,0.54413474,0.54413474
0.7038548,0.79119027,0.48908058,0.48908058
0.27794382,0.7768352,0.49435562,0.49435562
0.6611489,0.86420786,0.36187735,0.36187735
0.49583608,0.008309662,0.026100377,0.026100377
0.96663904,0.69444346,0.08569559,0.08569559
0.96191615,0.8664489,0.048622154,0.048622154
0.9495622,0.30129015,0.12803192,0.12803192
0.65070945,0.94651735,0.14883456,0.14883456
0.2525903,0.04024953,0.089896604,0.089896604
0.39045528,0.534692,0.93577886,0.93577886
0.25885734,0.116969585,0.261002,0.261002
0.036863532,0.94547385,0.01969719,0.01969719
0.63014174,0.4371843,0.8997687,0.8997687
0.22256424,0.33522204,0.55928254,0.55928254
0.30249175,0.96354,0.09298731,0.09298731
0.87536615,0.30482757,0.31210375,0.31210375
0.06344884,0.113881625,0.0693414,0.0693414
0.85963327,0.7129463,0.33481932,0.33481932
0.8558487,0.7492611,0.3101071,0.3101071
0.3302033,0.27253392,0.6504083,0.6504083
0.2553544,0.5840288,0.69399655,0.69399655
0.25450912,0.39395478,0.6776263,0.6776263
0.273471,0.5465936,0.7491791,0.7491791
0.25047246,0.14638248,0.31430444,0.31430444
0.5922848,0.53016657,0.95396626,0.95396626
0.390956,0.7320983,0.70240366,0.70240366
0.046545208,0.22288015,0.09388822,0.09388822
0.23459733,0.22974153,0.44404253,0.44404253
0.45169944,0.018046739,0.05601402,0.05601402
0.78883016,0.9920184,0.015439696,0.015439696
0.24432373,0.9983075,0.0036920744,0.0036920744
0.9405035,0.9332791,0.038666654,0.038666654
0.5177566,0.36899763,0.9150738,0.9150738
0.51291996,0.5432745,0.98995686,0.98995686
0.40466294,0.47949424,0.95349914,0.95349914
0.6210409,0.21294048,0.5758792,0.5758792
0.8153641,0.75810736,0.3775461,0.3775461
0.5547359,0.8985342,0.30877128,0.30877128
0.43451133,0.8935126,0.32141024,0.32141024
0.79417306,0.3247361,0.51345086,0.51345086
0.22605166,0.73290735,0.48508167,0.48508167
0.5848442,0.75747454,0.6659319,0.6659319
0.56437254,0.8313449,0.4951004,0.4951004
0.91077304,0.09452622,0.08095498,0.08095498
0.76842386,0.49175096,0.6647947,0.6647947
0.8914176,0.23188783,0.2227225,0.2227225
0.68640584,0.7867309,0.5175169,0.5175169
0.32041487,0.056371175,0.14886902,0.14886902
0.54659516,0.72930855,0.74350816,0.74350816
0.31818882,0.8749617,0.32203192,0.32203192
0.70304745,0.112843655,0.2788676,0.2788676
0.86140954,0.23567334,0.28451464,0.28451464
0.6569177,0.2669316,0.65514934,0.65514934
0.78956485,0.09754192,0.18521738,0.18521738
0.75323665,0.9162561,0.18201411,0.18201411
0.43771592,0.93898195,0.18688634,0.18688634
0.95611686,0.3634931,0.12498199,0.12498199
0.6532931,0.548357,0.87605476,0.87605476
0.3580623,0.6887371,0.74821347,0.74821347
0.32503727,0.85447985,0.37638754,0.37638754
0.15671375,0.91167355,0.12948553,0.12948553
0.45081863,0.42082652,0.9576796,0.9576796
0.7835404,0.13774377,0.2636966,0.2636966
0.76503444,0.30222917,0.54717046,0.54717046
0.121085234,0.9215154,0.090623505,0.090623505
0.6745119,0.6633206,0.7435458,0.7435458
0.9992931,0.9411987,0.00040792298,0.00040792298
0.51527226,0.38931403,0.9390667,0.9390667
0.65998346,0.69654197,0.71452117,0.71452117
0.21449381,0.19651015,0.36122176,0.36122176
0.8541349,0.9561826,0.060704052,0.060704052
0.42215014,0.33288208,0.8395647,0.8395647
0.6455232,0.21662556,0.5646012,0.5646012
0.59085935,0.041578647,0.12498164,0.12498164
0.639222,0.15992795,0.4362241,0.4362241
0.33770427,0.40398526,0.83340275,0.83340275
0.10152493,0.16331957,0.15392071,0.15392071
0.85065,0.796525,0.26975656,0.26975656
0.68261224,0.6283319,0.7725616,0.7725616
0.010359357,0.86391306,0.013491511,0.013491511
0.25803813,0.27004096,0.5436939,0.5436939
0.8516231,0.43558288,0.44026926,0.44026926
0.7497063,0.8626377,0.29603207,0.29603207
0.51234823,0.6048813,0.94549423,0.94549423
0.91896236,0.6843502,0.21077657,0.21077657
0.10377084,0.35808644,0.28895643,0.28895643
0.14999346,0.7176736,0.35189715,0.35189715
0.7897745,0.9483162,0.099171124,0.099171124
0.7868892,0.560896,0.6092775,0.6092775
0.57000726,0.74382246,0.7033355,0.7033355
0.37481746,0.52629375,0.9205104,0.9205104
0.9371592,0.26629454,0.14560716,0.14560716
0.76612383,0.95533615,0.09375879,0.09375879
0.48959816,0.80214673,0.5820049,0.5820049
0.29184267,0.6471444,0.7103869,0.7103869
0.35230783,0.78696245,0.55482525,0.55482525
0.6841898,0.96059567,0.10337473,0.10337473
0.26752755,0.118469216,0.27090093,0.27090093
0.7880047,0.3896603,0.5810976,0.5810976
0.17637597,0.061967336,0.10178877,0.10178877
0.7150624,0.98492724,0.036935706,0.036935706
0.56155604,0.6724751,0.8407875,0.8407875
0.87584555,0.5270563,0.37885517,0.37885517
0.6025925,0.49912265,0.94850457,0.94850457
0.34839317,0.99564207,0.012166728,0.012166728
0.88472295,0.1248615,0.13543807,0.13543807
0.70618314,0.98774195,0.030701958,0.030701958
0.6981974,0.40533638,0.7766738,0.7766738
0.9231871,0.8080866,0.1355122,0.1355122
0.19803314,0.46775404,0.5797873,0.5797873
0.18212387,0.14534833,0.23873633,0.23873633
0.7620879,0.76929027,0.45066312,0.45066312
0.6019604,0.3893656,0.8923806,0.8923806
0.44461077,0.02362413,0.0730295,0.0730295
0.67848366,0.64309037,0.76273483,0.76273483
0.213682,0.30394247,0.5077028,0.5077028
0.9017591,0.6470079,0.2719333,0.2719333
0.7034035,0.8043102,0.46297076,0.46297076
0.81863815,0.08540351,0.14300163,0.14300163
0.7231425,0.9505725,0.118186854,0.118186854
0.19258955,0.9679902,0.057102457,0.057102457
0.096324384,0.26143616,0.21816145,0.21816145
0.80438554,0.5689817,0.563097,0.563097
0.68638235,0.6021522,0.79086554,0.79086554
0.12682547,0.98421603,0.019230574,0.019230574
0.946435,0.98996466,0.0052794586,0.0052794586
0.9723273,0.09720815,0.026105694,0.026105694
0.28724274,0.93001676,0.17116205,0.17116205
0.8855453,0.64770895,0.31466168,0.31466168
0.45152864,0.6414107,0.89248264,0.89248264
0.7236266,0.24441525,0.53011364,0.53011364
0.14855178,0.521453,0.4489105,0.4489105
0.28209883,0.47965387,0.77311736,0.77311736
0.72571063,0.2647545,0.560952,0.560952
0.044534158,0.5635398,0.13668306,0.13668306
0.076263525,0.79849064,0.14039215,0.14039215
0.952661,0.7796867,0.094560914,0.094560914
0.3592804,0.3937085,0.85393584,0.85393584
0.58517873,0.39437762,0.9118008,0.9118008
0.0970521,0.26796377,0.22390582,0.22390582
0.09514467,0.3405104,0.25827727,0.25827727
0.052804444,0.30354428,0.13466561,0.13466561
0.41408527,0.6572021,0.84862864,0.84862864
0.3814797,0.7677692,0.6208788,0.6208788
0.28761664,0.5674762,0.76795983,0.76795983
0.4733484,0.61809427,0.92869896,0.92869896
0.12978508,0.8489503,0.18118411,0.18118411
0.9547556,0.0073261554,0.0032601603,0.0032601603
0.84473413,0.19054931,0.26409894,0.26409894
0.33785778,0.3727047,0.80415803,0.80415803
0.440091,0.86166734,0.41359878,0.41359878
0.8733786,0.02815104,0.0342153,0.0342153
0.117857866,0.9937873,0.007062249,0.007062249
0.32079676,0.053656332,0.14187677,0.14187677
0.6712018,0.008938799,0.024114098,0.024114098
0.09651057,0.9537048,0.043271717,0.043271717
0.46319312,0.6175432,0.9263622,0.9263622
0.044713333,0.91113347,0.038582414,0.038582414
0.9967591,0.20804423,0.00619068,0.00619068
0.01552937,0.41802096,0.04715916,0.04715916
0.64663035,0.4595318,0.88853306,0.88853306
0.098241754,0.33180964,0.26233295,0.26233295
0.2957774,0.34689906,0.7102516,0.7102516
0.11004261,0.96863014,0.033341456,0.033341456
0.4878078,0.8530219,0.4451845,0.4451845
0.45731616,0.52744615,0.987341,0.987341
0.08969547,0.35562932,0.24995793,0.24995793
0.1623783,0.7560729,0.33862177,0.33862177
0.80683565,0.20568135,0.34338155,0.34338155
0.42984554,0.9312553,0.20910937,0.20910937
0.3223285,0.5813433,0.82067895,0.82067895
0.9384687,0.110996135,0.06563845,0.06563845
0.9944847,0.07348603,0.003964473,0.003964473
0.52412987,0.43494737,0.9763771,0.9763771
0.65784556,0.46419126,0.8739876,0.8739876
0.2858329,0.18060239,0.4202996,0.4202996
0.37454376,0.5787617,0.8952085,0.8952085
0.013469093,0.6893271,0.03503716,0.03503716
0.56502557,0.53088343,0.97460127,0.97460127
0.84438807,0.4367212,0.46037862,0.46037862
0.59900427,0.68390054,0.7975047,0.7975047
0.35629192,0.1613411,0.43680298,0.43680298
0.29224035,0.70710117,0.6321463,0.6321463
0.70067614,0.2134306,0.50193584,0.50193584
0.18023865,0.36101893,0.4861319,0.4861319
0.5758868,0.5004518,0.9717148,0.9717148
0.67812526,0.40288258,0.8083295,0.8083295
0.443294,0.6766636,0.83644706,0.83644706
0.7857347,0.12439628,0.23748715,0.23748715
0.4779839,0.95597374,0.13754234,0.13754234
0.8705633,0.4163595,0.38194698,0.38194698
0.8400268,0.049875394,0.07516509,0.07516509
0.44075924,0.62521684,0.907669,0.907669
0.27405435,0.6127291,0.71140385,0.71140385
0.67609274,0.42208472,0.8254788,0.8254788
0.8506823,0.1827116,0.24547914,0.24547914
0.5348513,0.9394797,0.18785502,0.18785502
0.16679494,0.4513312,0.49451184,0.49451184
0.23655125,0.5277947,0.6740312,0.6740312
0.31019938,0.19712196,0.48028028,0.48028028
0.9047657,0.42548376,0.28670415,0.28670415
0.8405509,0.8977143,0.15167698,0.15167698
0.6492493,0.5859475,0.8597528,0.8597528
0.19982001,0.5339751,0.58398527,0.58398527
0.7918129,0.64527893,0.54612243,0.54612243
0.9774878,0.18466625,0.038734864,0.038734864
0.96285367,0.92226267,0.028153563,0.028153563
0.86964655,0.4980016,0.39815888,0.39815888
0.68714494,0.47902223,0.83028245,0.83028245
0.78563714,0.6502763,0.5554563,0.5554563
0.4823678,0.888626,0.34227037,0.34227037
0.18871677,0.845776,0.2602486,0.2602486
0.2432328,0.20760237,0.4199496,0.4199496
0.78452474,0.19475628,0.35979494,0.35979494
0.6116696,0.6192159,0.87399375,0.87399375
0.8930854,0.71797305,0.25529546,0.25529546
0.5229833,0.049255572,0.15372255,0.15372255
0.467118,0.057778254,0.17955828,0.17955828
0.39842042,0.27980512,0.7312404,0.7312404
0.44273221,0.15781742,0.46805516,0.46805516
0.97412276,0.6194466,0.075555496,0.075555496
0.8440607,0.9489952,0.075074695,0.075074695
0.65065265,0.7597337,0.6098401,0.6098401
0.9200039,0.6450321,0.22330871,0.22330871
0.61991006,0.8812067,0.33903182,0.33903182
0.22991529,0.30717647,0.5434754,0.5434754
0.6095096,0.5972675,0.8977903,0.8977903
0.9053695,0.20238367,0.17395009,0.17395009
0.25029656,0.80230385,0.41185883,0.41185883
0.3833092,0.92452884,0.2192771,0.2192771
0.7210791,0.9045324,0.22700389,0.22700389
0.93568045,0.9522516,0.029992457,0.029992457
0.35151365,0.21423928,0.55677134,0.55677134
0.6892481,0.11726711,0.2983325,0.2983325
0.16577287,0.66139144,0.43496868,0.43496868
0.46428576,0.91870725,0.2510331,0.2510331
0.9809619,0.31224567,0.04967392,0.04967392
0.2679548,0.49695808,0.7458125,0.7458125
0.8462924,0.6491601,0.4142828,0.4142828
0.9451974,0.076746225,0.04090669,0.04090669
0.020183971,0.98034704,0.003909915,0.003909915
0.1524973,0.45776737,0.45691553,0.45691553
0.80431694,0.29663908,0.4630029,0.4630029
0.65464145,0.40895483,0.84836555,0.84836555
0.6987052,0.7143548,0.63426924,0.63426924
0.10050606,0.8608867,0.13143346,0.13143346
0.60682803,0.47774404,0.9419025,0.9419025
0.89944154,0.920707,0.07659568,0.07659568
0.50025547,0.54089385,0.9917585,0.9917585
0.97641385,0.97918427,0.004837728,0.004837728
0.49535692,0.77480847,0.64983636,0.64983636
0.44812864,0.7504689,0.6967101,0.6967101
0.39675584,0.30255985,0.7712887,0.7712887
0.0974305,0.21400416,0.18766758,0.18766758
0.089313224,0.41067225,0.2660857,0.2660857
0.8824164,0.38616523,0.3382123,0.3382123
0.6659173,0.32579133,0.7405338,0.7405338
0.66081613,0.14236988,0.37847072,0.37847072
0.3028152,0.036913775,0.09420781,0.09420781
0.41882515,0.3050521,0.7917807,0.7917807
0.96215606,0.4884349,0.11853209,0.11853209
0.82266116,0.7601924,0.3617208,0.3617208
0.0549461,0.9746805,0.013648189,0.013648189
0.19006294,0.15052041,0.25607345,0.25607345
0.7024174,0.019643184,0.04961674,0.04961674
0.09763191,0.15537745,0.14159979,0.14159979
0.020414282,0.18331514,0.034902517,0.034902517
0.7629431,0.00094310875,0.0020081606,0.0020081606
0.4659662,0.13701919,0.41490456,0.41490456
0.6459554,0.1602643,0.4326423,0.4326423
0.98153293,0.85871804,0.024899257,0.024899257
0.6147146,0.807702,0.5315491,0.5315491
0.68531376,0.36650378,0.7628793,0.7628793
0.15492253,0.5592564,0.45963368,0.45963368
0.685121,0.79635906,0.4988527,0.4988527
0.007945327,0.73365927,0.018530589,0.018530589
0.50095063,0.8239305,0.5253581,0.5253581
0.91528857,0.35554957,0.23637933,0.23637933
0.2838347,0.49425516,0.7780095,0.7780095
0.091581464,0.87687504,0.107043594,0.107043594
0.28824764,0.4655815,0.782174,0.782174
0.25701463,0.07638557,0.17172465,0.17172465
0.07535494,0.020028537,0.014747213,0.014747213
0.6985394,0.7012246,0.6548432,0.6548432
0.61968094,0.78095764,0.5907379,0.5907379
0.6739098,0.5807302,0.82709175,0.82709175
0.32831207,0.9496519,0.13515227,0.13515227
0.36381042,0.052604023,0.14968018,0.14968018
0.07195368,0.8269632,0.115926206,0.115926206
0.44023144,0.9298599,0.21473102,0.21473102
0.35596249,0.20039801,0.52953625,0.52953625
0.3444391,0.7193794,0.6814127,0.6814127
0.6124204,0.3379647,0.81931216,0.81931216
0.96514297,0.9060086,0.0318039,0.0318039
0.18439326,0.88836,0.18808606,0.18808606
0.6881865,0.34216246,0.73027116,0.73027116
0.0677169,0.49906313,0.21113694,0.21113694
0.8878018,0.98601735,0.015160199,0.015160199
0.8402944,0.8533174,0.21386574,0.21386574
0.6921645,0.15623616,0.38804078,0.38804078
0.85150313,0.13134293,0.18036827,0.18036827
0.8050877,0.21533631,0.35985062,0.35985062
0.24306497,0.30115098,0.5609292,0.5609292
0.049894314,0.6606432,0.13664494,0.13664494
0.2421956,0.63710105,0.62657964,0.62657964
0.2742212,0.7621628,0.515674,0.515674
0.71573037,0.6444287,0.7001718,0.7001718
0.60662186,0.9986463,0.0040163477,0.0040163477
0.33825448,0.41143578,0.84005314,0.84005314
0.33091953,0.42517945,0.83849937,0.83849937
0.5523457,0.92867684,0.21920033,0.21920033
0.6077275,0.20711723,0.57136625,0.57136625
0.5824967,0.98168224,0.055594333,0.055594333
0.18168224,0.2780431,0.41416895,0.41416895
0.8851675,0.51805186,0.3524151,0.3524151
0.80395395,0.9935734,0.011662597,0.011662597
0.98208576,0.08442156,0.014744114,0.014744114
0.25788963,0.048524957,0.11000654,0.11000654
0.22133447,0.8817836,0.23249711,0.23249711
0.76032805,0.25427032,0.48995936,0.48995936
0.811482,0.38011482,0.51909995,0.51909995
0.10038357,0.90172875,0.09424212,0.09424212
0.3448145,0.971003,0.08037207,0.08037207
0.08356204,0.09025333,0.07260013,0.07260013
0.4998299,0.44412285,0.98463166,0.98463166
0.14923812,0.41457447,0.43568182,0.43568182
0.26064354,0.29641438,0.5859933,0.5859933
0.13699514,0.5732522,0.40621972,0.40621972
0.2732978,0.36523432,0.69009036,0.69009036
0.102662824,0.98230004,0.017615933,0.017615933
0.62933797,0.09815353,0.27878392,0.27878392
0.58432454,0.18555957,0.5312875,0.5312875
0.48370984,0.34638286,0.88463044,0.88463044
0.62484527,0.5592842,0.9080848,0.9080848
0.458044,0.35348305,0.8881494,0.8881494
0.90666306,0.111555606,0.09923759,0.09923759
0.33003944,0.16110574,0.41731387,0.41731387
0.039112277,0.47732934,0.12225515,0.12225515
0.7436065,0.28620148,0.5645178,0.5645178
0.8485868,0.6265106,0.42224663,0.42224663
0.31624293,0.75445044,0.5841746,0.5841746
0.13811885,0.6825745,0.35314253,0.35314253
0.29225102,0.44423515,0.78230894,0.78230894
0.11715052,0.6881694,0.29873064,0.29873064
0.5020727,0.3037927,0.8159456,0.8159456
0.987295,0.4887873,0.03987867,0.03987867
0.56184083,0.9628485,0.11425936,0.11425936
0.2555413,0.38782755,0.675105,0.675105
0.3759932,0.42888132,0.90207565,0.90207565
0.3329143,0.99794054,0.0055988673,0.0055988673
0.6639738,0.33328688,0.7535728,0.7535728
0.5153603,0.022038104,0.06909892,0.06909892
0.06677673,0.60996985,0.19594501,0.19594501
0.58157974,0.011823878,0.035924252,0.035924252
0.9503153,0.11623064,0.05551161,0.05551161
0.5348315,0.16895695,0.50319046,0.50319046
0.4933905,0.025468469,0.07990898,0.07990898
0.8554913,0.15437618,0.20445189,0.20445189
0.07749294,0.88244706,0.08701211,0.08701211
0.12366817,0.5874655,0.36460316,0.36460316
0.4203915,0.3434428,0.854042,0.854042
0.1745622,0.63476735,0.47529432,0.47529432
0.0006509236,0.56190526,0.0020063843,0.0020063843
0.5284436,0.008053228,0.025196332,0.025196332
0.037309628,0.9767656,0.008528488,0.008528488
0.2960195,0.81166375,0.4470966,0.4470966
0.09121701,0.047007073,0.041590933,0.041590933
0.83045244,0.03807659,0.060600933,0.060600933
0.3235471,0.7546775,0.5923157,0.5923157
0.87075895,0.3174297,0.3317548,0.3317548
0.2699983,0.723778,0.5722523,0.5722523
0.388994,0.6239,0.86950475,0.86950475
0.7286579,0.6321559,0.68892974,0.68892974
0.4228853,0.7629333,0.6580071,0.6580071
0.007893187,0.33770755,0.021641117,0.021641117
0.36237302,0.9768458,0.06598891,0.06598891
0.5264531,0.43131045,0.9734354,0.9734354
0.85907334,0.26196262,0.3141009,0.3141009
0.3677415,0.2755102,0.6966573,0.6966573
0.6288298,0.060961787,0.17496994,0.17496994
0.11515599,0.75609475,0.24543105,0.24543105
0.8878134,0.7952554,0.2070394,0.2070394
0.703309,0.9119454,0.2192755,0.2192755
0.99674696,0.1875354,0.0056786267,0.0056786267
0.7975559,0.9624565,0.069895394,0.069895394
0.47040576,0.5190419,0.99390006,0.99390006
0.31210142,0.8734111,0.32175043,0.32175043
0.20130892,0.73068523,0.44255337,0.44255337
0.8773718,0.12701638,0.14600456,0.14600456
0.7411846,0.02687473,0.061258074,0.061258074
0.26215255,0.15958829,0.35257366,0.35257366
0.13211611,0.3623782,0.36613527,0.36613527
0.8639318,0.055295624,0.07165602,0.07165602
0.21732749,0.8518795,0.28311303,0.28311303
0.5480505,0.619107,0.9202203,0.9202203
0.46300045,0.5756428,0.9653382,0.9653382
0.70241326,0.85029995,0.3645767,0.3645767
0.15529978,0.5039157,0.46872646,0.46872646
0.29563072,0.34369668,0.7062435,0.7062435
0.44222632,0.75941247,0.67462486,0.67462486
0.6221324,0.8487797,0.42414504,0.42414504
0.21314815,0.14274704,0.2691146,0.2691146
0.7787139,0.50244266,0.6405131,0.6405131
0.05882368,0.11771263,0.06641345,0.06641345
0.4244487,0.90000707,0.3003329,0.3003329
0.8624182,0.30431667,0.34219947,0.34219947
0.06917742,0.87526304,0.08234976,0.08234976
0.45648602,0.7388275,0.7246609,0.7246609
0.30638623,0.16187498,0.39957842,0.39957842
0.191717,0.081807695,0.14400592,0.14400592
0.91987675,0.4560353,0.24669297,0.24669297
0.29708207,0.87912834,0.29786792,0.29786792
0.86294717,0.3962719,0.39541754,0.39541754
0.780365,0.3903999,0.59917873,0.59917873
0.7862446,0.68997645,0.5146242,0.5146242
0.3996883,0.8577182,0.4109674,0.4109674
0.17391403,0.8010542,0.30401152,0.30401152
0.22395276,0.28651145,0.5068088,0.5068088
0.9735252,0.11712309,0.02988335,0.02988335
0.51241356,0.29814148,0.8049588,0.8049588
0.5464132,0.51719326,0.98794544,0.98794544
0.13982923,0.8776142,0.15952049,0.15952049
0.2805702,0.8832636,0.27669385,0.27669385
0.8923208,0.27625602,0.25320366,0.25320366
0.149677,0.54345804,0.44886997,0.44886997
0.26534647,0.78952926,0.45463848,0.45463848
0.64085263,0.94109315,0.16628389,0.16628389
0.1877026,0.4895413,0.5557992,0.5557992
0.398124,0.9295107,0.20848936,0.20848936
0.867128,0.9069158,0.11687323,0.11687323
0.33002442,0.23929933,0.58786255,0.58786255
0.14952962,0.8804539,0.16603985,0.16603985
0.588463,0.40718877,0.9210414,0.9210414
0.43920955,0.70318305,0.7884976,0.7884976
0.04092946,0.6351584,0.11684265,0.11684265
0.98643625,0.9316028,0.009083211,0.009083211
0.81977636,0.36187273,0.48670256,0.48670256
0.37862834,0.5730575,0.9038413,0.9038413
0.8791743,0.5862037,0.35703018,0.35703018
0.9009037,0.46744317,0.30471483,0.30471483
0.02055913,0.9033774,0.019292615,0.019292615
0.8058036,0.3529616,0.5128894,0.5128894
0.7951036,0.6441646,0.5396512,0.5396512
0.78545374,0.038800083,0.07588942,0.07588942
0.77494967,0.5280428,0.6470491,0.6470491
0.78910965,0.7746189,0.4000448,0.4000448
0.26599964,0.37817267,0.68807447,0.68807447
0.9253686,0.1061842,0.0760694,0.0760694
0.9654091,0.5510811,0.107063234,0.107063234
0.7525296,0.25175,0.49873018,0.49873018
0.114006445,0.45093948,0.34639773,0.34639773
0.6638484,0.6421846,0.785016,0.785016
0.024402032,0.21436678,0.047765948,0.047765948
0.9177953,0.9734412,0.021284467,0.021284467
0.8121485,0.02544619,0.044439156,0.044439156
0.089426704,0.42870995,0.27033642,0.27033642
0.085807,0.26492813,0.19693632,0.19693632
0.34854028,0.35565364,0.7990717,0.7990717
0.047892936,0.64240515,0.13514118,0.13514118
0.3678802,0.8961604,0.29325527,0.29325527
0.8714272,0.35038936,0.35040945,0.35040945
0.47833017,0.10856552,0.33371952,0.33371952
0.6792505,0.68992645,0.6994786,0.6994786
0.06791095,0.82970995,0.107947245,0.107947245
0.19065328,0.10675808,0.18556121,0.18556121
0.26422203,0.47684294,0.73603195,0.73603195
0.9108858,0.38833436,0.25948864,0.25948864
0.45836645,0.007702468,0.023988986,0.023988986
0.24381368,0.84724706,0.32005072,0.32005072
0.79527485,0.9965674,0.006467203,0.006467203
0.274224,0.87581784,0.28858584,0.28858584
0.4205385,0.6427767,0.87314725,0.87314725
0.9269248,0.9462826,0.038220774,0.038220774
0.66453886,0.65718037,0.7654957,0.7654957
0.22632611,0.26136324,0.47764137,0.47764137
0.05772252,0.8183127,0.09744131,0.09744131
0.8869457,0.8610025,0.14707312,0.14707312
0.2859496,0.30968663,0.64658546,0.64658546
0.821235,0.522086,0.5312655,0.5312655
0.10799296,0.24873155,0.2343846,0.2343846
0.060418252,0.010341221,0.0061284746,0.0061284746
0.23741554,0.06961816,0.14723873,0.14723873
0.8992562,0.5084284,0.3111293,0.3111293
0.57972294,0.58519167,0.9343084,0.9343084
0.83977044,0.15226482,0.22205102,0.22205102
0.0038366606,0.87707776,0.0045396737,0.0045396737
0.4453594,0.30285218,0.80228406,0.80228406
0.8436109,0.95040864,0.07320472,0.07320472
0.90731096,0.83726,0.14046879,0.14046879
0.93416214,0.62303996,0.19021203,0.19021203
0.40063784,0.0519017,0.15448755,0.15448755
0.81665415,0.15777355,0.25905284,0.25905284
0.9775799,0.8386243,0.034170415,0.034170415
0.13843563,0.6423019,0.37992108,0.37992108
0.60359335,0.18363054,0.51679134,0.51679134
0.37016892,0.4167061,0.88671577,0.88671577
0.8971137,0.044627093,0.04438575,0.04438575
0.14278695,0.9177469,0.110823676,0.110823676
0.55972326,0.047227908,0.14523268,0.14523268
0.11843313,0.021367801,0.02438595,0.02438595
0.4208857,0.8487359,0.44346616,0.44346616
0.8267001,0.6225776,0.48000607,0.48000607
0.3929454,0.5366117,0.93773764,0.93773764
0.38353568,0.4867859,0.93300354,0.93300354
0.001946596,0.52911216,0.006089815,0.006089815
0.15081617,0.12655397,0.1766642,0.1766642
0.53943044,0.45225927,0.9811972,0.9811972
0.40787318,0.69705653,0.7805446,0.7805446
0.7301482,0.16609398,0.37373266,0.37373266
0.26774138,0.6520833,0.66192704,0.66192704
0.30976957,0.38380316,0.7722026,0.7722026
0.76395714,0.06244726,0.1316605,0.1316605
0.8872355,0.5958728,0.3312803,0.3312803
0.18516189,0.45524168,0.54402494,0.54402494
0.7893035,0.1333336,0.24999487,0.24999487
0.27741534,0.038134567,0.09146772,0.09146772
0.48196992,0.5580686,0.981829,0.981829
